"key","selected_from","md5"
"abedi_standardized_2002","curated","663b92a0d3edfde3c68edf22f4be2460"
"adams_reliability_2005","curated","87777fb04ad6acace727d51b1621c530"
"andersson_large_2018","curated","f419345f36ef8481e54293c9dc33bdaa"
"ark_mokken_2007","curated","db86b66e4cf3ae32269b35e411397314"
"ark_standard_2025","curated","dbbc8be2cd21367763a5b05dca8b219f"
"bambirra_goncalves_bayesian_2018","curated","f850ae3b5e732467afa4114bcf024ec3"
"beauducel_how_2025","curated","2cd7877ff9ea19f30e7c73a9c2aba861"
"bock_adaptive_1982","curated","f23f2c32dff356f7c7a5800d3792323a"
"boeck_estimation_2011","curated","3905746f5f39324723d9279bee99c3d1"
"bogaert_small_2022","curated","b107da52b1853d3fce451d14653a6741"
"burkner_bayesian_2021","curated","ffa35ddfcfe66d21bc05b4273f06b7de"
"can_collinear_2015","curated","3291bf6df52029573ce0b4a12ad49305"
"chen_item_2025","curated","3efb2935d8b0d3019fab5374b9a46c17"
"cheng_estimating_2025","curated","fa07a5bde896989d66cf973267836a2a"
"cheng_comparison_2012","curated","098e0869edb4d62bafbacacfaa18c4eb"
"cho_detecting_2015","curated","5dc830b95f9d3e75f63936aa1eda95d9"
"cho_modeling_2023","curated","a5d3830d43407e6307337b7bf4c5011f"
"cho_modeling_2024","curated","422e64560408c9ff0003529f806f1f7c"
"classe_latent_2024","curated","ff70cf246d2546690f9b55d1650ad4fd"
"conoyer_meta-analysis_2022","curated","e47b8b7f423e535ffd0160d5319b1ae9"
"cronbach_signalnoise_1964","curated","7cece0feeb471f950904b1a1b68aae8c"
"cui_stochastic_2022","curated","7208681c41b07b4b908b85ec47f357a9"
"dai_handling_2021","curated","92845b2fa949784bab3fac888723258a"
"davison_multidimensional_2024","curated","c99d56543abdc40757b306e267602ea1"
"de_boeck_overview_2019","curated","581a20572c484882fbab7b700d4c74d4"
"delosreyes_obtaining_2025","curated","9c6919a915f38949f56456358c8d32d2"
"depaoli_parameter_2021","curated","2275dc5af823702d4047458992f6887d"
"der_linden_what_2022","curated","6f8f451aea080f9a892a634948e74b70"
"devlieger_new_2019","curated","588cd7557b4d5698ce21cb91c427de13"
"do_parameter_2024","curated","c1c24371df1eae4faf064573b8524f4a"
"domingue_speedaccuracy_2022","curated","c1dd8833d291c3b2fa62ef4f5872c4d6"
"domingue_introduction_2025","curated","b3e8b723e7c47573a29672922ddf3908"
"doran_information_2005","curated","f5d5539414a66556213b1c2e7e80cebe"
"draxler_bayesian_2018","curated","9e45726e8df7959e5bc87553a822269d"
"duncan_nonparametric_2008","curated","4f0fc290f6f954876029a9ff8d2a4ff5"
"edwards_simulation_2021","curated","378d466e0929b53dbb57a67cf2876c3f"
"enders_impact_2004","curated","bf42eddd1e2b0640394618b211ebc0fc"
"fife_assessment_2012","curated","7b97470e82c819a3ebe98d231d614b2d"
"finch_rasch_2016","curated","f51bdb78b42db623d67a4f7ad0e0f34e"
"fox_redefining_2025","curated","1cceda081e3c6197d89f2840b12bfb15"
"fox_joint_2016","curated","7d5b0c78bbe77d1c370500488f479fe0"
"fox_modeling_2007","curated","2c179812f4a9d2992e57822b959b6ef3"
"fox_lnirt_2021","curated","e7c691a8c31a6604106f1f0d92f43625"
"gadat_optimal_2023","curated","056473434edfa67a5321edd7b1bab54d"
"gilbert_multilevel_2025","curated","a7ffd47a1c6745405428857ac206cb8a"
"gilholm_bayesian_2021","curated","124444b8c655aff5a794c29f1b0dcbb8"
"glas_reliability_2019","curated","6f3fa9c9ca5ab780e2eee45ceec35f56"
"gu_sufficient_2019","curated","d45971965e27c2aff6bcab37dbc081db"
"gu_partial_2020","curated","d3f520479ff9192d19bcaf1a945ce0b7"
"guastadisegni_generalized_2025","curated","232169ebeb61ae9891cf8c6e90b8745f"
"hecht_comparing_2021","curated","5d026cec5cb6a4ad888b3bd543a4c9d9"
"hedges_variance_2012","curated","8e19016f3d542824bac5bb9d590710d2"
"heister_bayesian_2025","curated","84a8848cd34dd74d3bfe599d65061bc1"
"hoofs_evaluating_2018","curated","83d94b5f7e7c9281d699978c8f52ee80"
"hsu_impact_2017","curated","bd738bf1c4d9daa18841dbb7a8715110"
"hu_nonparametric_2020","curated","131888e8b393b6ee7466cece775a071f"
"jara_bayesian_nodate","curated","19dfd371456b1ded733633b8ef141257"
"jeon_mapping_2021","curated","f3b40a80efe42fd69d55a50295336eef"
"jiang_gibbs_2019","curated","c3146011925bd139b755bee6ac6080ac"
"johnson_simulation-based_2015","curated","2686d2eb804fdd31abf7d8e0db29d066"
"kappus_nonparametric_2020","curated","f9712dadda9fe0133cb26d46b7f0d6a6"
"kim_note_2012","curated","aa4d31dc1464b4e0262b6d67bb7d775f"
"kim_estimation_2010","curated","4b1cf670558fa88404adb050330665bb"
"koopman_two-step_2022","curated","0c17a82efa17e39b20ef6d600c9b4698"
"koopman_assumptions_2025","curated","283cf847ccb281be09ffaf7842e86a2a"
"lei_logit_2024","curated","dc713fa7e0e5663d6f68d22bbaf55ecb"
"lembke_progress_2017","curated","b8edcbac651d14a441c3c15dd9e24a8a"
"li_summed_2018","curated","f54e8d40f99856a88032105a0ed75b49"
"liljequist_intraclass_2019","curated","d2d7d9404790db3950bee15d1dc0a87d"
"liu_bayesian_nodate","curated","bbe9a27fe16ab84c837b234d3da8774f"
"liu_inferring_nodate","curated","8a4cc055085f77bec82930a3e92c52d2"
"ludtke_multiple_2017","curated","00c76b5b9c372e6d8905e3d7fdcb1acd"
"luo_bayesian_2023","curated","7d6e84d225bd7ec18789f97870c3e8c3"
"luque_operationalizing_2024","curated","d75b4c69a6dbca80f2eac9a94bed0b71"
"manapat_examining_2022","curated","05a9a88d371ebaac59ee4ecc7df73cda"
"marcoulides_latent_2002","curated","47648f053c3866814335c5b92a7ebeb7"
"mcneish_effect_2016","curated","830c8075df59d440a05d11da24ed0938"
"merkle_bayesian_2019","curated","66d7910bc256a48c30de87692b9a43c6"
"merkle_opaque_2023","curated","fa59b91dd79a2b79b6e89609daad491d"
"micceri_unicorn_1989","curated","62c4ea894bec45d7ad38c54dcdd7175b"
"moerbeek_bayesian_2024","curated","315e9320b6a25ae612a346b4ef6abec5"
"molenaar_generalized_2015","curated","cca2f724613f891bbf4e759eab465094"
"monroe_testing_2021","curated","c83f7071f867d78d65caafac27c44c69"
"monroe_estimation_2014","curated","eabbf90f8c1150b862519bde49ac9879"
"morris_using_2019","curated","eba0a4869e9254c67a35b17da49a124d"
"mulder_bayes_2019","curated","9279646edf37415fad753ccec7468055"
"muthen_multi-dimensional_nodate","curated","14212458acaa2c14030c6cf7f29faa6b"
"myszkowski_bayesian_2025","curated","c94bbbf6cb43a4c2bd42d9154654daef"
"nelson_review_2023","curated","2795a6b808f67ef4faa331d932ed3551"
"paek_investigating_2023","curated","444580b64e2f83186857e0c829ea272a"
"paganin_computational_2022","curated","35e3525b26038cda98bca015d1a4744d"
"pan_bayesian_2024","curated","5f4a88f4a3b3427bb7d37cfda361374f"
"partchev_visual_nodate","curated","f6d8cd4e023805b17470d1d42f254df2"
"qiu_bayesian_2023","curated","2cdf3fd74d4956743d661c1ee91c7fac"
"raykov_intraclass_2011","curated","50a463dd98dd120cb229821c62056526"
"raykov_design_2022","curated","bf8afe78a9595cee26f79c4f47065833"
"raykov_intraclass_2015","curated","8e255bc4c8252e386521933bd90a6c06"
"raykov_pitfalls_2021","curated","adfdb09fa336c145b00e942924dd7300"
"raykov_importance_2023","curated","a1055700bbba497f605e97ae89ce8cfc"
"revelle_reliability_2019","curated","5e5b7d305e439daf104749be095f0691"
"rights_relationship_2016","curated","421599dab6a84f20d81667e52fba18f4"
"robbins_stochastic_1951","curated","2414322249f71aad1f44f69edec369bf"
"rouder_hierarchical-model_2024","curated","713bfee82e59fa68d9967c3fcac0a74d"
"rutkowski_measuring_2013","curated","4223c7854a2b2e66ee350ea6872338a3"
"samejima_departure_1997","curated","7bc47a60417b2934bfda3ac9cb2c384a"
"segawa_increase_2025","curated","9ac2b60ef706b83f6893aaa0a746bb85"
"shi_bayesian_1997","curated","d9f5f6851817341508e87cea5860100c"
"sinharay_detection_2020","curated","8c4ae9c83291115d97bdd4ec0f8709ba"
"sinharay_lack_2021","curated","24cab2a0f2bcef4a8a3779987c9ca7c4"
"soland_how_2024","curated","34f4cb3273e6bd70810b983961363115"
"suh_multilevel_2018","curated","9bd94ef2dc8ffac86f6c40ef644c0ac6"
"svetina_parameter_2017","curated","84f4e5c0204a6d082a9d1de04dadb590"
"sweeney_investigation_2022","curated","715f3a5ccd13f3e9b18bb0f3d0577304"
"ten_hove_interrater_2022","curated","ccc1d26d7bc0e03b2165d17ead4ef8ad"
"tong_robust_2020","curated","79bcf036c782213cf09070b1d1564a57"
"toulis_proximal_2021","curated","22df9b30dd23ac9f34a3f11b2edf615d"
"van_den_berg_variance_2007","curated","47bd99b7e435c7f065c9c586629b2375"
"van_der_linden_lords_2019","curated","40522943515366cc8f7de1dbd49d0e8f"
"veldkamp_theoretical_2019","curated","bd824f9a7cb6971caf743064948668b5"
"wang_robustness_2018","curated","c8073a7cb8ea004aa4aa8845ce64c524"
"wang_modeling_2019","curated","485c39b47a9a9f0fc9857fd946c399d7"
"wilkins-reeves_data_2021","curated","b3aff0598daaf184d3f847351c4f9cbc"
"wind_instructional_2017","curated","d2373aeebd1a56bc7086df126ecb28e6"
"wind_identifying_2022","curated","6bc7873b47bb7b6c8c6e452b68be2a3a"
"winter_tutorial_2025","curated","e65d22e82b39725d697f489772dde0c8"
"woods_ramsay-curve_2006","curated","f335d2c0a79f0861f88acd0761ecadc6"
"woods_ramsay_2007","curated","4d2f7a512df88a879583dff0753b8f9a"
"woods_ramsay-curve_2008","curated","052a3156a11e14bd9ebcaedaa87b8f70"
"woods_item_2006","curated","7680dbe3052f739dfef3b2e71b96f7d4"
"wu_irt_2025","curated","56772e827d67c9d84948f916b4574a0e"
"xiao_performance_2023","curated","982f35338359afd966bd615adc6dcd8b"
"xing_bayesian_2018","curated","53a967dcd033c283dc7856a90ea20bc7"
"xu_robustness_2025","curated","95c7506165c860cb40ad1e6c2b7139b5"
"yang_characterizing_2012","curated","f6bfbcf10b966823f71642d14b8d2e6a"
"yemao_bayesian_2017","curated","bfd1b4a6481049fc2de65ec31531c164"
"zhang_bayesian_2021","curated","0a65a586a9265999cd10e6cbd7023a56"
"zhang_blcfa_2021","curated","f6d06934550ddf8191a6d9917c8f312c"
"zhang_empirical_nodate","curated","e90764f90132e149b3cb172d7de0a891"
"zhu_bayesian_2021","curated","daa36fd82210e47f9caf8744106a24d6"
"zitzmann_performance_2021","curated","c1c0d9a80047484a2600eb9e3631c50a"
"zumbo_linear_2025","curated","a5da0b0e6fe74d4e6381d1c2db621e97"
"zumbo_reliability_2025","curated","2304818b91c83f07fa52b18851256730"
"aarts_modeling_2026","curated","4f6505e3914b5e076f791e8d4e0c270e"
"bartos_robust_2025","curated","33e1be58b534bae3a89ad5a6a6f658cc"
"baurne_heterogeneous_2026","curated","589a20ebca46757b459d3e352d9f0f72"
"boedeker_so_2024","curated","154aada4740394875372ebc4a9195857"
"bonett_sample_2026","curated","96d39196b45f66753a54419f7514ba12"
"bonifay_reassessing_2025","curated","7ce2fc89978e2fb7db35562fc3d672b4"
"brancaccio_application_2026","curated","fcac6ba4ee890798e916a57e2d75c662"
"brusco_clustering_2024","curated","42a8989f5316113372fa8da5d261589d"
"chen_adapting_2025","curated","804c24ac293f9cea568e888077c250ed"
"chen_addressing_2026","curated","cba628ac7c6c71463f80a7d7065195ed"
"cho_reliability_2025","curated","5a817c3699d1c4c49400cd4dc6198f29"
"choi_you_2026","curated","9466859f199d74b0e1a6448336c19034"
"dao_bayesian_2025","curated","ee86eb53aebca0daaaf6412dad3aa577"
"de_jonge_how_2025","curated","b8319bf394af3db97a6380b50cb4cddc"
"de_vries_adjusting_2025","curated","f824baaad82b5969d934bc0a379b9c4d"
"doebler_beta-binomial_2024","curated","34851348e44bfa5c75e2db695231a83b"
"du_modeling_2026","curated","0bc2e2fe99efb24f3c194fd3fc85d83c"
"galanter_adjustment_2026","curated","71d7bb41a4ff40369e5cc353a5eaaefd"
"guo_extending_2026","curated","7f78db636e44ef661b114ee413e8c43d"
"haines_tutorial_2025","curated","526091e1c256deb078877846c770abaa"
"heister_item_2024","curated","df766e9ef1205f6ee9c1a709f9b9f565"
"humberg_investigating_2024","curated","9a226e04e56dfa362d5afde62cdb4e2a"
"kang_integration_2025","curated","cf6a0b63de72a065fdb1e389d5a488a1"
"keller_factored_2025","curated","7d13ce41635046dd7f09afdce177cb74"
"kiefer_definition_2024","curated","dce1ad364619c984a26c0769bc64172b"
"konold_practice_2025","curated","17b93d5704fb03833d018390b9a84860"
"lai_two-stage_2026","curated","4f8974c4e590257e63ac263d24fb6890"
"lazic_why_2024","curated","a343515c7b25ff3ab9e372686ab1b92f"
"le_bayesian_2025","curated","a6f95fc8f5b06aba41914a65cbd3cc01"
"lee_comparison_2024","curated","cb49c9686d4b3bd9c9e4c16ed63e9fcf"
"leite_machine_2025","curated","01de1713d63292a1e9e1e9d6e46565f2"
"li_bayesian_2026","curated","585ea4432dd4322472f280d6548b1573"
"liang_power_2024","curated","1ed45274716180ddd1cd2190e4f0fb8e"
"lin_reliability_2025","curated","0f6f2886a8e1e70c4242d66918e199cd"
"liu_summed_2024","curated","cbef07aad07b7bf30a88b7ca5eb4df04"
"loh_tutorial_2025","curated","a10d7dd34619648d9405f4d9f7263dbf"
"luo_bayesian_2026","curated","101075f90c785ae83342f5ecd2c5905f"
"ma_comparison_2026","curated","a55f3b3a185ce6f49a8afb614f503f46"
"mcneish_exploring_2025","curated","50d79f58be482a9cddfdf75a027e313d"
"miyoshi_generalized_2024","curated","e2372f7772e78ca739acadaad3a4ecea"
"noel_post_2026","curated","019a25e3c5eadcdcf7b453d476032edc"
"orsoni_information_2025","curated","e692f32fc7b4d7ec8668d6821c8e044c"
"padgett_regularizing_2024","curated","1ea1cf57870ae0924865a74c6628b3b4"
"park_reevaluating_2025","curated","0c05d2e82b4be648ecd44f0f865685ba"
"park_causal_2025","curated","84a99d4121134f7754093712cbe6f44c"
"pesigan_inferences_2025","curated","e05812f4e82d1d0bd1e7e7ed277d0ea9"
"pfister_consistency_2024","curated","d1c3c5d7820743b78137a3152ed116d9"
"pohl_causal_2026","curated","1ed6337ddf86164648e84ad5e576584b"
"qiu_bayesian_2025","curated","412d55c0cc136e32cd450b36aa48910f"
"rosel_tutorial_2025","curated","6ec89113173c5ba6048fef4709369420"
"shao_zero_2025","curated","dd61c210a28e787ffba20f96dd2b63ed"
"siepe_simulation_2024","curated","7e0d3bce6eca8748fdb3127f328a209e"
"silvey_bayes_2024","curated","2a31d211369b918173ccdeed58291860"
"speck_beyond_2026","curated","aa9293a46bd19d3e2acf6570fdc0abd5"
"van_aert_meta-analyzing_2025","curated","0b3c9834db2258fc2b3e02715eea3bfa"
"vieira_evaluating_2026","curated","d6bfaadfdf9b109a92aebc5bbfe811f8"
"whittaker_meta-analysis_2024","curated","924377b81a8754dcbc19ea1c77db6a45"
"yang_role_2024","curated","32522965efa8943992c10790b381ebd4"
"zhang_bayesian_2024","curated","7d455661f03c716393795debb16493c0"
"zhang_best_2026","curated","fec429658173dc34ff5065f3dae8a46a"
"blanca_skewness_2013","curated","536aeb507d53a2569dd388645c828f07"
"bock_marginal_1981","curated","af73085ab92608173f33978fe32b9d95"
"cain_univariate_2017","curated","0a93e7201d54358245565d226ff73de9"
"ferr_normal_2025","curated","539fe1642354932b671af4d172396758"
"ho_descriptive_2015","curated","9f3d7449e37c5d2d5832ab136d4c60c2"
"mislevy_estimating_1984","curated","3d6657bc3311c1d79f39bae5ccfb792a"
"sass_estimating_2008","curated","6790d4140561b8c59ebba0d3ee75f6b3"
"van_den_oord_estimating_2005","curated","cd7c34971cb230757da48ab5d1623ec6"
"woods_empirical_2007","curated","bfe1e2c0204b1a814d119a2e5cc49b61"
"woods_item_2009","curated","c3ab2c048da8ce04db7513e36d317075"
"acciai_estimating_2023","curated","38d30af29e43112e57882350ffeb0679"
"ahmed_heterogeneity_2025","curated","8eca7302deaea1dd1a18bc7c541cc092"
"berge_greatest_2004","curated","f6fa59853ccfa2383bb022df9c04114c"
"bonett_sample_2002","curated","a8ae3e6316364fa47156ce43192aaa50"
"bonett_varying_2010","curated","b658bec09604e9df88693a9aaf54f278"
"chalmers_mirt_2012","curated","0ecc0c155166e260faaa3af6b4970577"
"cho_multilevel_2019","curated","75ef7961ad747eb99e97fc77001d49fa"
"cronbach_coefficient_1951","curated","7a53470de76a6234f11ace2d36194028"
"cronbach_my_2004","curated","c65e8bd3e6f02402ebe4538e917b4b33"
"culpepper_reliability_2013","curated","119c849d89a2994f6ecfa466287644a4"
"domingue_intermodel_2024","curated","97d6608260709b4fce1b527dd0d9ef0c"
"efron_empirical_2016","curated","f142e81cca0b439ead6958dbb26f38f4"
"gelman_difference_2006","curated","784bd5e80b76723caba035161c670e7c"
"gilbert_estimating_2025","curated","8e3a150e3180e66848bd9234f04d4a3a"
"gilbert_item-level_2025","curated","8956623020c72521dc5e999aab3fcfe4"
"gilbert_conditional_2026","curated","f745ba6087247793d635685f6c89065a"
"gilbert_estimating_2026","curated","3bb09b31a023f0a38b4c8f1133592808"
"gilbert_sensitivity_2026","curated","46c403db36e418debb4053720e76c026"
"greco_meta-analysis_2018","curated","7ac762b3bfa36573fb033f979f891bc4"
"green_technical_1984","curated","4d688d5daf848512ff5951e58c63eb5a"
"guttman_basis_1945","curated","04c8ad93e90469a9682f55cc81c77eb7"
"hedges_robust_2010","curated","a2dc4ac75cb331e159dcbb4c625f0007"
"holm_simple_1979","curated","30944ae32c4de8ab9f34a711b3c2dc62"
"hussey_aberrant_2025","curated","75dda0661c90d6d9b15d4a57237cc0a1"
"kelley_confidence_2016","curated","46abe2b0e00a9d179ddb1460ed15dd92"
"kim_ability_1993","curated","2239fcd94625401057c4725839ac48e3"
"konstantopoulos_fixed_2011","curated","1a54a1f9e8f28a854e5e93bb4eccf7a5"
"lance_sources_2006","curated","5d3829bf2985c2d3f2273e7451310146"
"lee_reliability-targeted_2026","hand-authored","740956256513e11c019ec13943b55ad0"
"liu_comparing_2026","curated","d639a89c665fd98fcd254ce6234102f0"
"loken_measurement_2017","curated","b751067b01709146f1bb5af74d3d6a4e"
"lopez-ibanez_reliability_2024","curated","433287dc4d1a790f88bf2b56117da647"
"masters_rasch_1982","curated","0d15715696377215914d2c6d6bde2a1a"
"mcneish_thanks_2018","curated","b7b0bd6b28d9d5e81eda53a4acc49bb8"
"nalbandyan_signposts_2026","curated","9ef42b6e7b574447205e20bd844312f4"
"parsons_psychological_2019","curated","a5e9574db0570cf70d7bf0a391f29ae1"
"pustejovsky_small-sample_2018","curated","ef237ef6411f6620ab587073f6bc98a2"
"pustejovsky_meta-analysis_2022","curated","6f36c12f57cf43d80d006fb3598b7b3e"
"sanchez-meca_recommended_2013","curated","1155175ed713d04fecaca0e35e2ceaf8"
"satterthwaite_approximate_1946","curated","d8f18cafb36fdf7c3af22c222e050ee8"
"scherer_tutorial_2020","curated","4dac269c1269fd4f15537b90d9781324"
"sijtsma_use_2009","curated","ae915caf09502897986a74b8e936888a"
"sijtsma_part_2021","curated","4661b9b87ee3e228bf34a973e50bc390"
"simonsohn_specification_2020","curated","86b979b538314143af9a8476d4dd1a75"
"steegen_increasing_2016","curated","03021ad162d2dae0c372cb92b037c270"
"thompson_psychometrics_2000","curated","f256f30d4d831f5615e82f051202d184"
"tipton_small-sample_2015","curated","31c5cc90649d2d8a08774546d9fbf105"
"vacha-haase_reliability_1998","curated","7d72d1013c0827d688554d6209314124"
"van_den_noortgate_three-level_2013","curated","d28402da76981172cad0044e2cf7c793"
"viechtbauer_conducting_2010","curated","d413ea112d03d230d05167ee78a0d14b"
"warm_weighted_1989","curated","681a47aaa17fe8459932baa145ec896f"
"weston_recommendations_2019","curated","6fc3e94da9ccf7d30dda78d054da7310"
"zhang_realistic_2025","curated","826f2e32ee8807106180337d023a836d"
"borsboom_concept_2004","curated","bd2737c708d790aa3e115099b6e8d943"
"cronbach_construct_1955","curated","4064499977117220c89c1062e788c7c7"
"diciccio_bootstrap_1996","curated","6b69a7adf55140c5608116b23546e202"
"ellis_standard_2013","curated","c22c1f39f8e7905f04197b54ac324994"
"ellis_test_2021","curated","aaefd9d33e69d84728a9819dce5c67cf"
"flake_measurement_2020","curated","6d19e74bb15f7be0e26942e06f288ead"
"hedge_reliability_2018","curated","5f9ab0b9563cc1863636da99e4da38dc"
"koehler_assessment_2009","curated","c1fd180bf53093372b753f3656cb06ec"
"markon_reliability_2023","curated","589e02aeb6b186a60236490024a198ba"
"nosek_promoting_2015","curated","5fe76eaea27d90f6a414d3f13ba0599b"
"shavelson_generalizability_1989","curated","6ac42db5abacbf2528be8018aa07fadd"
"webb_4_2006","curated","4372edda99827956e5a2dc0b7186da88"
"yarkoni_choosing_2017","curated","2d3b501868f0798ef782484724c0a938"
"dorazio_selecting_2009","curated","d398541fa81f2758f301e6fd388a8746"
"antonelli_mitigating_2016","curated","23fc9fa31919a23f719964cff0a8fd2e"
"antoniak_mixtures_1974","curated","2aedffb13c7a569884afad27c5e46596"
"arratia_number_2000","curated","fc5ba6af99d779da7762850cb86c2dc9"
"arratia_logarithmic_2003","curated","996eff924a786255a237f251045c6138"
"basu_marginal_2003","curated","da5c917c2e223d1ece670af99f6b3d3e"
"bauer_uniqueness_2016","curated","6d6ef4ae05ca9ed7d10bfeab95823478"
"bonafos_dirichlet_2024","curated","b1850110d63ec804937469882cf42b83"
"cao_bayesian_2024","curated","e5c8a609e6e33b3307f95fdf53155807"
"cardoso_dirichlet_2024","curated","e8f4754457ee1124472db713806dc965"
"dombowsky_product_2025","curated","04d1a5faf3bda40e69847f9cca998d89"
"dorazio_modeling_2008","curated","dad8ced61b26bced357b7acbb40291de"
"dunson_bayesian_2006","curated","b187ebcd1efcb00e4b4019450018008b"
"dunson_bayesian_2007","curated","02e3399e6113ef0a7f13fb96fd5a2c47"
"escobar_bayesian_1995","curated","c773eac60f1fa25b6008bae964c7a817"
"escobar_computing_1998","curated","e0cf5d6d073374fc4dbc19846803873f"
"ferguson_bayesian_1973","curated","05e7c60519671d559c53b671c7792fd5"
"fruhwirth-schnatter_generalized_2021","curated","39306b1439367db9f7df6aa6fe4ad8bf"
"ghilotti_bayesian_2025","curated","e1e581adab6060bcfee5de5852b5ce9f"
"gill_nonparametric_2009","curated","4dd103a550ae22ba8e207150630de311"
"giordano_evaluating_2022","curated","37cd789821c37419c3d9d061e8baaef1"
"grazian_advances_2025","curated","9fdcdd735b2ae5ed0d54db301e770c4b"
"greve_spying_2022","curated","51e61bb81007e6c1d00605c1dba39bcb"
"ishwaran_markov_2000","curated","b5b8033fa3210c9277401010fc342e8f"
"iwashige_bayesian_2025","curated","3d1cfd5c161c6ec4af60f86e52e7a7e1"
"jeffreys_invariant_1946","curated","8e0f4927671bda857ad73ecf2f00152a"
"kingman_random_1975","curated","716252de77f59899be12ceedf2a273d4"
"lee_constrained_nodate","curated","91d1f8683e2c337b889e3d4398cb2bc2"
"leslie_general_2007","curated","a86d6c4841aaa8b282acf6ab2646d4ad"
"liu_nonparametric_1996","curated","a18ed7840b4b5315b84604b110adbc2f"
"lo_class_1984","curated","65101cc8f4807c938c3d563e142171b1"
"ma_bayesian_2020","curated","2a5b6d8f9cb7fad9732767f79aa2dc70"
"maceachern_estimating_1998","curated","b9b8372a087993a891247132c8500279"
"matza_infinite_2021","curated","80c69c82edc064f9c7ac5c79f4346b4a"
"mignemi_bayesian_2025","curated","2a764f5a61704ee42231c347f0185f00"
"miller_mixture_2018","curated","fdfbbda7793f1aa0e8952df50576a0f8"
"muller_bayesian_2015","curated","c297a244253cb57d406eb84d675b1ed7"
"murugiah_selecting_2012","curated","cca83ac476ed580551ad3f7e937b2683"
"muthukumarana_meta-analysis_2016","curated","f5335d3b8b3063b022f55b72287d4168"
"navarro_modeling_2006","curated","6f00417ac77f1b0f00b381773db85e88"
"panagiotopoulou_meta-analysis_2025","curated","0dd9c00e83a077284ff8743b7f437258"
"ricciardi_dirichlet_2020","curated","ce572dfc4ffe63091dd69356d87a27b8"
"rigon_bayesian_2025","curated","6225dba084da679ad271216fa19140bd"
"robert_monte_2004","curated","0faad2215f4093a7b9c3f6da8d437675"
"rodriguez_jeffreys_2013","curated","abada6fc9f1018ca67acebaf69052365"
"sethuraman_constructive_1994","curated","fdfdd9e68b114b5a7488c62f27db7596"
"sollmann_bayesian_2021","curated","e533476c8295d75f131ee220ff38e1f2"
"vicentini_prior_2025","curated","b66d2f3828034abb421e889480e9ca10"
"zito_bayesian_2024","curated","ce669c109133f33b44417199fe839060"
"albert_bayesian_1992","curated","7ed295740278d8fbc76c24833de60ce3"
"bolt_mixture_2001","curated","42af3f7c894b9158b5b938fa521c3913"
"fuchs_past_2004","curated","6081f8f26da1ac7bb45c8d52ab3f8c88"
"gelman_prior_2006","curated","c612b16f0ce6f1af6c815ac024b58c49"
"ghosh_constrained_1992","curated","09a05df46b3c70f9e8813d93d3a9fd30"
"gnaldi_multilevel_2016","curated","1a87c7cb1533d92238473343b5084745"
"goldstein_league_1996","curated","c6ac0a9ddc7ff598bfc120a9da93cb8f"
"jara_dppackage_2011","curated","10085859020a6fe1b12109862e90561b"
"laird_empirical_1989","curated","157a96e195e07119f4775098696c473e"
"lin_loss_2006","curated","f27060cf570c56d7a45ee4f70c239aef"
"lockwood_uncertainty_2002","curated","4fbe41911e759dcd3cae929d11ecddc0"
"lockwood_flexible_2018","curated","985edc3e98b7b2048937cccf8f761a64"
"lord_unbiased_1983","curated","1ed97563c783e88fe2e1e3c713c32cdb"
"louis_estimating_1984","curated","eb715cb46aa979b5d5954757004fe2b9"
"louis_innovations_1999","curated","c47e391deb163916479fc65ee324bde1"
"mislevy_bayes_1986","curated","45c73a237fea822f789f8005e07159c8"
"mislevy_estimating_1992","curated","ab1d42d29a2e3ee6ba1e11c4ae345ba6"
"miyazaki_bayesian_2009","curated","38d1b3c6821f020ebfeea649dcf0e063"
"muraki_generalized_1992","curated","5526e02bc306383f1e8efb67c004d09d"
"patz_straightforward_1999","curated","9601966ba60af9877595c8a6db89269a"
"rubin_estimation_1981","curated","e17c23f8b73df65604f7acc992d80043"
"samejima_estimation_1969","curated","63c6921fb503b7f98ee809d14899ef08"
"shen_triple-goal_1998","curated","8d760929fe62dfda8805d773e0d34d25"
"shen_empirical_1999","curated","ff7f4f6ead49d837e9a93dec43800af0"
"stein_inadmissibility_1956","curated","63a827a3f3390ab0daa4b8a1542c5ea3"
"blackwell_ferguson_1973","curated","4c512e0d193f4512d6dc760bd822b7c0"
"james_estimation_1992","curated","1b8c1e69a605463385fb17074f5d76e5"
"neal_markov_2000","curated","1552158226af7dc98330fb407269cd68"
"robbins_empirical_1992","curated","43c8a96118a1d66e6f5626373ecc9f36"
"wright_rating_1982","curated","fa0fd28c8b94a988b5dabd5aa7b93395"
"sanmartin_bayesian_2011","hand-authored","c446aaf19eaffa73bf124d61286ddbf8"
"fox_bayesian_2010","hand-authored","145828c7a32bdf3fb03e18b0b5d1fc30"
"debelak_introduction_2022","hand-authored","bd1fbeb6bbe86ba22e80cbe5cbd9bf3e"
"gelman_bayesian_2013","hand-authored","35b29f0c2019aaf13ab3f925437ac8fb"
"lee_improving_2025","hand-authored","7b1c989444a8ad9186cca32b19f647e0"
"andersen_asymptotic_1970","hand-authored","07995f9db04e0cb9cadc2614c9e7209e"
"rasch_probabilistic_1960","hand-authored","93c33691acd16da5b93d9ebc5d95af4c"
"baker_item_2004","hand-authored","44f76d559e1d9bf4ac28dc9b954a05bd"
"sanmartin_identification_2016","hand-authored","3b203bdc56a70a65ef70317c45881246"
"haberman_nuisance_2016","hand-authored","7b78b5b63f8fa5a1acaaf581744e449c"
"neyman_consistent_1948","hand-authored","ae8ee3625d49df24dd621ea613765db1"
"lee_irtsimrel_2026","hand-authored","f76ea3c03cba4c53c9e68684a1585c83"
"paddock_flexible_2006","curated","b2de7ae99afbe8ff2db6e2290b2fdee0"
"lee_casestudy_2026","hand-authored","2168bf9f554f3ceb0fdb411eb885c919"
"lee_design-conditional_2026","hand-authored","f03dfdb6dc0b030e35827df0080d4089"
"lee_dpmirt_2026","hand-authored","71008de3e3bd4b673143f5ba418936af"
"lee_dpprior_2026","hand-authored","6997fbf642299fbb23bd184662f8e3c2"
"lee_reliability-distribution_2026","hand-authored","72fcb51a2b9ed36ac6b980ade7f228ab"
"lee_simulation_2026","hand-authored","903fb6e7dd474b9b4694be317e5da85c"
"lee_theta-nonnormality_2026","hand-authored","91d49677e99ede7b497ed378249c88a1"
