"key","tier","asset","verified_on","verified_claims","asset_ok","problem"
"abedi_standardized_2002","primary-read","references-IRT-Zotero/Abedi - 2002 - Standardized Achievement Tests and English Languag.pdf","2026-08-06","VERIF-ABEDI-2002",TRUE,""
"adams_reliability_2005","primary-read","references-IRT-Zotero/Adams - 2005 - Reliability as a measurement design effect.pdf","2026-08-06","VERIF-ADAMS-2005",TRUE,""
"andersson_large_2018","primary-read","references-IRT-Zotero/Andersson and Xin - 2018 - Large Sample Confidence Intervals for Item Response Theory Reliability Coefficients.pdf","2026-08-06","VERIF-ANDERSSON-2018",TRUE,""
"ark_mokken_2007","primary-held","references-IRT-Zotero/Ark - 2007 - Mokken Scale Analysis in R.pdf","","",TRUE,""
"ark_standard_2025","primary-read","references-IRT-Zotero/Ark - 2025 - Standard Errors for Reliability Coefficients.pdf","2026-08-06","VERIF-ARK-2025",TRUE,""
"bambirra_goncalves_bayesian_2018","primary-held","references-IRT-Zotero/Bambirra Gonçalves et al. - 2018 - Bayesian item response model a generalized approa.pdf","","",TRUE,""
"beauducel_how_2025","primary-held","references-IRT-Zotero/Beauducel et al. - 2025 - How to Improve the Regression Factor Score Predictor When Individuals Have Different Factor Loadings.pdf","","",TRUE,""
"bock_adaptive_1982","primary-read","references-IRT-Zotero/Bock and Mislevy - 1982 - Adaptive EAP Estimation of Ability in a Microcompu.pdf","2026-08-06","VERIF-BOCKMISLEVY-1982",TRUE,""
"boeck_estimation_2011","primary-held","references-IRT-Zotero/Boeck et al. - 2011 - The Estimation of Item Response Models with the lm.pdf","","",TRUE,""
"bogaert_small_2022","primary-held","references-IRT-Zotero/Bogaert et al. - 2022 - A Small Sample Correction for Factor Score Regress.pdf","","",TRUE,""
"burkner_bayesian_2021","primary-read","references-IRT-Zotero/Bürkner - 2021 - Bayesian Item Response Modeling in R with brms and Stan.pdf","2026-08-06","VERIF-BURKNER-2021",TRUE,""
"can_collinear_2015","primary-held","references-IRT-Zotero/Can et al. - 2015 - Collinear Latent Variables in Multilevel Confirmatory Factor Analysis A Comparison of Maximum Likel.pdf","","",TRUE,""
"chen_item_2025","primary-held","references-IRT-Zotero/Chen et al. - 2025 - Item Response Theory—A Statistical Framework for Educational and Psychological Measurement.pdf","","",TRUE,""
"cheng_estimating_2025","primary-held","references-IRT-Zotero/Cheng and Meng - 2025 - Estimating IRT Models Under Gaussian Mixture Modeling of Latent Traits An Application of MSAEM Algo.pdf","","",TRUE,""
"cheng_comparison_2012","primary-read","references-IRT-Zotero/Cheng et al. - 2012 - Comparison of Reliability Measures Under Factor Analysis and Item Response Theory.pdf","2026-08-06","VERIF-CHENG-2012",TRUE,""
"cho_detecting_2015","primary-held","references-IRT-Zotero/Cho et al. - 2015 - Detecting Intervention Effects in a Cluster-Randomized Design Using Multilevel Structural Equation M.pdf","","",TRUE,""
"cho_modeling_2023","primary-held","references-IRT-Zotero/Cho et al. - 2023 - Modeling variability in treatment effects for clus.pdf","","",TRUE,""
"cho_modeling_2024","primary-held","references-IRT-Zotero/Cho et al. - 2024 - Modeling Nonlinear Effects of Person-by-Item Covariates in Explanatory Item Response Models Explora.pdf","","",TRUE,""
"classe_latent_2024","primary-held","references-IRT-Zotero/Classe and Kern - 2024 - Latent Variable Forests for Latent Variable Score .pdf","","",TRUE,""
"conoyer_meta-analysis_2022","primary-read","references-IRT-Zotero/Conoyer et al. - 2022 - Meta-Analysis of Validity and Review of Alternate .pdf","2026-08-04","C-007",TRUE,""
"cronbach_signalnoise_1964","primary-held","references-IRT-Zotero/Cronbach and Gleser - 1964 - The SignalNoise Ratio in the Comparison of Reliability Coefficients.pdf","","",TRUE,""
"cui_stochastic_2022","primary-held","references-IRT-Zotero/Cui et al. - 2022 - A stochastic approximation expectation maximization algorithm for estimating Ramsay-curve three-para.pdf","","",TRUE,""
"dai_handling_2021","primary-held","references-IRT-Zotero/Dai - 2021 - Handling Missing Responses in Psychometrics Metho.pdf","","",TRUE,""
"davison_multidimensional_2024","primary-held","references-IRT-Zotero/Davison et al. - 2024 - A Multidimensional Model to Facilitate Within Pers.pdf","","",TRUE,""
"de_boeck_overview_2019","primary-held","references-IRT-Zotero/De Boeck and Jeon - 2019 - An Overview of Models for Response Times and Proce.pdf","","",TRUE,""
"delosreyes_obtaining_2025","primary-held","references-IRT-Zotero/DelosReyes and Padilla - 2025 - Obtaining a Bayesian Estimate of Coefficient Alpha Using a Posterior Normal Distribution.pdf","","",TRUE,""
"depaoli_parameter_2021","primary-held","references-IRT-Zotero/Depaoli et al. - 2021 - Parameter Specification in Bayesian CFA An Explor.pdf","","",TRUE,""
"der_linden_what_2022","primary-held","references-IRT-Zotero/der Linden - 2022 - What Is Actually Equated in “Test Equating” A Did.pdf","","",TRUE,""
"devlieger_new_2019","primary-held","references-IRT-Zotero/Devlieger et al. - 2019 - New Developments in Factor Score Regression Fit I.pdf","","",TRUE,""
"do_parameter_2024","primary-held","references-IRT-Zotero/Do and Brooks - 2024 - Parameter Recovery for the Four-Parameter Item Res.pdf","","",TRUE,""
"domingue_speedaccuracy_2022","primary-held","references-IRT-Zotero/Domingue et al. - 2022 - Speed–Accuracy Trade-Off Not So Fast Marginal Changes in Speed Have Inconsistent Relationships Wit.pdf","","",TRUE,""
"domingue_introduction_2025","primary-held","references-IRT-Zotero/Domingue et al. - 2025 - An introduction to the Item Response Warehouse (IRW) A resource for enhancing data usage in psychom.pdf","","",TRUE,""
"doran_information_2005","primary-held","references-IRT-Zotero/Doran - 2005 - The Information Function for the One-Parameter Logistic Model Is it Reliability.pdf","","",TRUE,""
"draxler_bayesian_2018","primary-held","references-IRT-Zotero/Draxler - 2018 - Bayesian conditional inference for Rasch models.pdf","","",TRUE,""
"duncan_nonparametric_2008","primary-read","references-IRT-Zotero/Duncan and MacEachern - 2008 - Nonparametric Bayesian modelling for item response.pdf","2026-08-06","VERIF-DUNCAN-2008",TRUE,""
"edwards_simulation_2021","primary-held","references-IRT-Zotero/Edwards et al. - 2021 - A Simulation Study on the Performance of Different Reliability Estimation Methods.pdf","","",TRUE,""
"enders_impact_2004","primary-held","references-IRT-Zotero/Enders - 2004 - The Impact of Missing Data on Sample Reliability Estimates Implications for Reliability Reporting P.pdf","","",TRUE,""
"fife_assessment_2012","primary-held","references-IRT-Zotero/Fife et al. - 2012 - The Assessment of Reliability Under Range Restriction A Comparison of α, ω, and Test–Retest Reliabi.pdf","","",TRUE,""
"finch_rasch_2016","primary-held","references-IRT-Zotero/Finch and Edwards - 2016 - Rasch Model Parameter Estimation in the Presence o.pdf","","",TRUE,""
"fox_redefining_2025","primary-read","references-IRT-Zotero/Fox - 2025 - Redefining Item Response Models for Small Samples.pdf","2026-08-06","VERIF-FOX-2025",TRUE,""
"fox_joint_2016","primary-held","references-IRT-Zotero/Fox and Marianti - 2016 - Joint Modeling of Ability and Differential Speed U.pdf","","",TRUE,""
"fox_modeling_2007","primary-held","references-IRT-Zotero/Fox et al. - 2007 - Modeling of Responses and Response Times with the .pdf","","",TRUE,""
"fox_lnirt_2021","primary-held","references-IRT-Zotero/Fox et al. - 2021 - LNIRT An R Package for Joint Modeling of Response.pdf","","",TRUE,""
"gadat_optimal_2023","primary-held","references-IRT-Zotero/Gadat and Panloup - 2023 - Optimal non-asymptotic analysis of the Ruppert–Polyak averaging stochastic algorithm.pdf","","",TRUE,""
"gilbert_multilevel_2025","primary-held","references-IRT-Zotero/Gilbert and Miratrix - 2025 - Multilevel Metamodels Enhancing Inference, Interpretability, and Generalizability in Monte Carlo Si.pdf","","",TRUE,""
"gilholm_bayesian_2021","primary-read","references-IRT-Zotero/Gilholm et al. - 2021 - Bayesian Hierarchical Multidimensional Item Response Modeling of Small Sample, Sparse Data for Perso.pdf","2026-08-06","VERIF-GILHOLM-2021",TRUE,""
"glas_reliability_2019","primary-held","references-IRT-Zotero/Glas - 2019 - Reliability issues in high-stakes educational test.pdf","","",TRUE,""
"gu_sufficient_2019","primary-read","references-IRT-Zotero/Gu and Xu - 2019 - The Sufficient and Necessary Condition for the Identifiability and Estimability of the DINA Model.pdf","2026-08-05","PVII-SRC-GUXU19",TRUE,""
"gu_partial_2020","primary-read","references-IRT-Zotero/Gu and Xu - 2020 - Partial identifiability of restricted latent class models.pdf","2026-08-05","PVII-SRC-GUXU20",TRUE,""
"guastadisegni_generalized_2025","primary-held","references-IRT-Zotero/Guastadisegni et al. - 2025 - The generalized Hausman test for detecting non-normality in the latent variable distribution of the.pdf","","",TRUE,""
"hecht_comparing_2021","primary-held","references-IRT-Zotero/Hecht et al. - 2021 - Comparing the MCMC Efficiency of JAGS and Stan for.pdf","","",TRUE,""
"hedges_variance_2012","primary-held","references-IRT-Zotero/Hedges et al. - 2012 - The Variance of Intraclass Correlations in Three- and Four-Level Models.pdf","","",TRUE,""
"heister_bayesian_2025","primary-held","references-IRT-Zotero/Heister et al. - 2025 - Bayesian Thurstonian IRT Modeling Logical Dependencies as an Accurate Reflection of Thurstone’s Law.pdf","","",TRUE,""
"hoofs_evaluating_2018","primary-held","references-IRT-Zotero/Hoofs et al. - 2018 - Evaluating Model Fit in Bayesian Confirmatory Fact.pdf","","",TRUE,""
"hsu_impact_2017","primary-held","references-IRT-Zotero/Hsu et al. - 2017 - The Impact of Intraclass Correlation on the Effectiveness of Level-Specific Fit Indices in Multileve.pdf","","",TRUE,""
"hu_nonparametric_2020","primary-held","references-IRT-Zotero/Hu et al. - 2020 - A Nonparametric Bayesian Item Response Modeling Ap.pdf","","",TRUE,""
"jara_bayesian_nodate","primary-held","references-IRT-Zotero/Jara et al. - Bayesian Semi- and Nonparametric Modeling in R.pdf","","",TRUE,""
"jeon_mapping_2021","primary-held","references-IRT-Zotero/Jeon et al. - 2021 - Mapping unobserved item-respondent interactions A.pdf","","",TRUE,""
"jiang_gibbs_2019","primary-held","references-IRT-Zotero/Jiang and Templin - 2019 - Gibbs Samplers for Logistic Item Response Models v.pdf","","",TRUE,""
"johnson_simulation-based_2015","primary-held","references-IRT-Zotero/Johnson and Kuhn - 2015 - Simulation-based Bayesian inference for latent tra.pdf","","",TRUE,""
"kappus_nonparametric_2020","primary-held","references-IRT-Zotero/Kappus et al. - 2020 - Nonparametric estimation of the ability density in the Mixed-Effect Rasch Model.pdf","","",TRUE,""
"kim_note_2012","primary-held","references-IRT-Zotero/Kim - 2012 - A Note on the Reliability Coefficients for Item Response Model-Based Ability Estimates.pdf","","",TRUE,""
"kim_estimation_2010","primary-held","references-IRT-Zotero/Kim and Feldt - 2010 - The estimation of the IRT reliability coefficient and its lower and upper bounds, with comparisons t.pdf","","",TRUE,""
"koopman_two-step_2022","primary-held","references-IRT-Zotero/Koopman et al. - 2022 - A two-step, test-guided Mokken scale analysis, for nonclustered and clustered data.pdf","","",TRUE,""
"koopman_assumptions_2025","primary-held","references-IRT-Zotero/Koopman et al. - 2025 - Assumptions and Properties of Two-Level Nonparametric Item Response Theory Models.pdf","","",TRUE,""
"lei_logit_2024","primary-held","references-IRT-Zotero/Lei and Rodriguez - 2024 - Logit unfolding choice models for binary data.pdf","","",TRUE,""
"lembke_progress_2017","primary-held","references-IRT-Zotero/Lembke et al. - 2017 - Progress Monitoring in Social Studies Using Vocabu.pdf","","",TRUE,""
"li_summed_2018","primary-read","references-IRT-Zotero/Li and Cai - 2018 - Summed Score Likelihood–Based Indices for Testing .pdf","2026-08-06","VERIF-LICAI-2018",TRUE,""
"liljequist_intraclass_2019","primary-held","references-IRT-Zotero/Liljequist et al. - 2019 - Intraclass correlation – A discussion and demonstration of basic features.pdf","","",TRUE,""
"liu_bayesian_nodate","primary-held","references-IRT-Zotero/Liu - Bayesian Q Matrix Estimation of Saturated Diagnost.pdf","","",TRUE,""
"liu_inferring_nodate","primary-held","references-IRT-Zotero/Liu - Inferring Individual Attributes Using Testlet-Base.pdf","","",TRUE,""
"ludtke_multiple_2017","primary-held","references-IRT-Zotero/Lüdtke et al. - 2017 - Multiple imputation of missing data in multilevel designs A comparison of different strategies..pdf","","",TRUE,""
"luo_bayesian_2023","primary-held","references-IRT-Zotero/Luo et al. - 2023 - Bayesian Estimation of Latent Space Item Response .pdf","","",TRUE,""
"luque_operationalizing_2024","primary-held","references-IRT-Zotero/Luque and Sosa - Operationalizing Legislative Bodies A Methodologi.pdf","","",TRUE,""
"manapat_examining_2022","primary-held","references-IRT-Zotero/Manapat and Edwards - 2022 - Examining the Robustness of the Graded Response and 2-Parameter Logistic Models to Violations of Con.pdf","","",TRUE,""
"marcoulides_latent_2002","primary-held","references-IRT-Zotero/Marcoulides and Moustaki - 2002 - Latent variable and latent structure models.pdf","","",TRUE,""
"mcneish_effect_2016","primary-held","references-IRT-Zotero/McNeish and Stapleton - 2016 - The Effect of Small Sample Size on Two-Level Model Estimates A Review and Illustration.pdf","","",TRUE,""
"merkle_bayesian_2019","primary-held","references-IRT-Zotero/Merkle et al. - 2019 - Bayesian Comparison of Latent Variable Models Con.pdf","","",TRUE,""
"merkle_opaque_2023","primary-held","references-IRT-Zotero/Merkle et al. - 2023 - Opaque prior distributions in Bayesian latent vari.pdf","","",TRUE,""
"micceri_unicorn_1989","primary-read","references-IRT-Zotero/Micceri - 1989 - The unicorn, the normal curve, and other improbabl.pdf","2026-08-06","VERIF-MICCERI-1989",TRUE,""
"moerbeek_bayesian_2024","primary-held","references-IRT-Zotero/Moerbeek - 2024 - Bayesian sequential designs in studies with multilevel data.pdf","","",TRUE,""
"molenaar_generalized_2015","primary-held","references-IRT-Zotero/Molenaar et al. - 2015 - A generalized linear factor model approach to the .pdf","","",TRUE,""
"monroe_testing_2021","primary-held","references-IRT-Zotero/Monroe - 2021 - Testing Latent Variable Distribution Fit in IRT Using Posterior Residuals.pdf","","",TRUE,""
"monroe_estimation_2014","primary-held","references-IRT-Zotero/Monroe and Cai - 2014 - Estimation of a Ramsay-Curve Item Response Theory .pdf","","",TRUE,""
"morris_using_2019","primary-held","references-IRT-Zotero/Morris et al. - 2019 - Using simulation studies to evaluate statistical methods.pdf","","",TRUE,""
"mulder_bayes_2019","primary-held","references-IRT-Zotero/Mulder and Fox - 2019 - Bayes Factor Testing of Multiple Intraclass Correlations.pdf","","",TRUE,""
"muthen_multi-dimensional_nodate","primary-held","references-IRT-Zotero/Muthen and Asparouhov - Multi-Dimensional, Multi-Level, and Multi-Timepoin.pdf","","",TRUE,""
"myszkowski_bayesian_2025","primary-held","references-IRT-Zotero/Myszkowski and Storme - 2025 - Bayesian Estimation of Generalized Log-Linear Poisson Item Response Models for Fluency Scores Using.pdf","","",TRUE,""
"nelson_review_2023","primary-read","references-IRT-Zotero/Nelson et al. - 2023 - Review of curriculum-based measurement in mathemat.pdf","2026-08-06","VERIF-NELSON-2023",TRUE,""
"paek_investigating_2023","primary-held","references-IRT-Zotero/Paek et al. - 2023 - Investigating Confidence Intervals of Item Paramet.pdf","","",TRUE,""
"paganin_computational_2022","primary-read","references-IRT-Zotero/Paganin et al. - 2022 - Computational Strategies and Estimation Performanc.pdf","2026-08-05","PVII-SRC-PAGANIN",TRUE,""
"pan_bayesian_2024","primary-held","references-IRT-Zotero/Pan et al. - 2024 - A Bayesian nonparametric approach for handling ite.pdf","","",TRUE,""
"partchev_visual_nodate","primary-held","references-IRT-Zotero/Partchev - A visual guide to item response theory.pdf","","",TRUE,""
"qiu_bayesian_2023","primary-held","references-IRT-Zotero/Qiu et al. - 2023 - Bayesian Nonparametric Latent Class Analysis for D.pdf","","",TRUE,""
"raykov_intraclass_2011","primary-held","references-IRT-Zotero/Raykov - 2011 - Intraclass Correlation Coefficients in Hierarchical Designs Evaluation Using Latent Variable Modeli.pdf","","",TRUE,""
"raykov_design_2022","primary-held","references-IRT-Zotero/Raykov and DiStefano - 2022 - Design Effect in Multilevel Settings A Commentary on a Latent Variable Modeling Procedure for Its E.pdf","","",TRUE,""
"raykov_intraclass_2015","primary-held","references-IRT-Zotero/Raykov and Marcoulides - 2015 - Intraclass Correlation Coefficients in Hierarchical Design Studies With Discrete Response Variables.pdf","","",TRUE,""
"raykov_pitfalls_2021","primary-held","references-IRT-Zotero/Raykov and Marcoulides - 2021 - On the Pitfalls of Estimating and Using Standardized Reliability Coefficients.pdf","","",TRUE,""
"raykov_importance_2023","primary-held","references-IRT-Zotero/Raykov et al. - 2023 - On the Importance of Coefficient Alpha for Measurement Research Loading Equality Is Not Necessary f.pdf","","",TRUE,""
"revelle_reliability_2019","primary-held","references-IRT-Zotero/Revelle and Condon - 2019 - Reliability from α to ω A tutorial..pdf","","",TRUE,""
"rights_relationship_2016","primary-held","references-IRT-Zotero/Rights and Sterba - 2016 - The relationship between multilevel models and non-parametric multilevel mixture models Discrete ap.pdf","","",TRUE,""
"robbins_stochastic_1951","primary-held","references-IRT-Zotero/Robbins and Monro - 1951 - A Stochastic Approximation Method.pdf","","",TRUE,""
"rouder_hierarchical-model_2024","primary-held","references-IRT-Zotero/Rouder and Mehrvarz - 2024 - Hierarchical-Model Insights for Planning and Interpreting Individual-Difference Studies of Cognitive.pdf","","",TRUE,""
"rutkowski_measuring_2013","primary-read","references-IRT-Zotero/Rutkowski and Rutkowski - 2013 - Measuring Socioeconomic Background in PISA One Si.pdf","2026-08-06","VERIF-RUTKOWSKI-2013",TRUE,""
"samejima_departure_1997","primary-held","references-IRT-Zotero/Samejima - 1997 - Departure from normal assumptions A promise for f.pdf","","",TRUE,""
"segawa_increase_2025","primary-held","references-IRT-Zotero/Segawa - 2025 - Increase of Uncertainty in Summed-Score-Based Scoring in Non-Rasch IRT.pdf","","",TRUE,""
"shi_bayesian_1997","primary-held","references-IRT-Zotero/Shi and Lee - 1997 - A bayesian estimation of factor score in confirmat.pdf","","",TRUE,""
"sinharay_detection_2020","primary-held","references-IRT-Zotero/Sinharay - 2020 - Detection of Item Preknowledge Using Response Time.pdf","","",TRUE,""
"sinharay_lack_2021","primary-held","references-IRT-Zotero/Sinharay - 2021 - The Lack of Robustness of a Statistic Based on the Neyman–Pearson Lemma to Violations of Its Underly.pdf","","",TRUE,""
"soland_how_2024","primary-held","references-IRT-Zotero/Soland et al. - 2024 - How survey scoring decisions can influence your study’s results A trip through the IRT looking glas.pdf","","",TRUE,""
"suh_multilevel_2018","primary-held","references-IRT-Zotero/Suh et al. - 2018 - A Multilevel Longitudinal Nested Logit Model for M.pdf","","",TRUE,""
"svetina_parameter_2017","primary-held","references-IRT-Zotero/Svetina et al. - 2017 - Parameter Recovery in Multidimensional Item Respon.pdf","","",TRUE,""
"sweeney_investigation_2022","primary-held","references-IRT-Zotero/Sweeney et al. - 2022 - An Investigation of the Nature and Consequence of the Relationship between IRT Difficulty and Discri.pdf","","",TRUE,""
"ten_hove_interrater_2022","primary-held","references-IRT-Zotero/Ten Hove et al. - 2022 - Interrater reliability for multilevel data A generalizability theory approach..pdf","","",TRUE,""
"tong_robust_2020","primary-held","references-IRT-Zotero/Tong and Zhang - 2020 - Robust Bayesian Approaches in Growth Curve Modelin.pdf","","",TRUE,""
"toulis_proximal_2021","primary-held","references-IRT-Zotero/Toulis et al. - 2021 - The Proximal Robbins–Monro Method.pdf","","",TRUE,""
"van_den_berg_variance_2007","primary-held","references-IRT-Zotero/van den Berg et al. - 2007 - Variance Decomposition Using an IRT Measurement Mo.pdf","","",TRUE,""
"van_der_linden_lords_2019","primary-held","references-IRT-Zotero/van der Linden - 2019 - Lord’s Equity Theorem Revisited.pdf","","",TRUE,""
"veldkamp_theoretical_2019","primary-held","references-IRT-Zotero/Veldkamp and Sluijter - 2019 - Theoretical and Practical Advances in Computer-bas.pdf","","",TRUE,""
"wang_robustness_2018","primary-held","references-IRT-Zotero/Wang et al. - 2018 - Robustness of Parameter Estimation to Assumptions .pdf","","",TRUE,""
"wang_modeling_2019","primary-held","references-IRT-Zotero/Wang et al. - 2019 - Modeling Response Time and Responses in Multidimen.pdf","","",TRUE,""
"wilkins-reeves_data_2021","primary-held","references-IRT-Zotero/Wilkins-Reeves et al. - 2021 - Data Harmonization Via Regularized Nonparametric M.pdf","","",TRUE,""
"wind_instructional_2017","primary-held","references-IRT-Zotero/Wind - 2017 - An Instructional Module on Mokken Scale Analysis.pdf","","",TRUE,""
"wind_identifying_2022","primary-held","references-IRT-Zotero/Wind - 2022 - Identifying Problematic Item Characteristics With .pdf","","",TRUE,""
"winter_tutorial_2025","primary-held","references-IRT-Zotero/Winter et al. - 2025 - A tutorial on Bayesian item response theory An illustration using the Teacher Stress Inventory-Shor.pdf","","",TRUE,""
"woods_ramsay-curve_2006","primary-held","references-IRT-Zotero/Woods - 2006 - Ramsay-curve item response theory (RC-IRT) to detect and correct for nonnormal latent variables..pdf","","",TRUE,""
"woods_ramsay_2007","primary-held","references-IRT-Zotero/Woods - 2007 - Ramsay Curve IRT for Likert-Type Data.pdf","","",TRUE,""
"woods_ramsay-curve_2008","primary-held","references-IRT-Zotero/Woods - 2008 - Ramsay-Curve Item Response Theory for the Three-Parameter Logistic Item Response Model.pdf","","",TRUE,""
"woods_item_2006","primary-held","references-IRT-Zotero/Woods and Thissen - 2006 - Item Response Theory with Estimation of the Latent Population Distribution Using Spline-Based Densit.pdf","","",TRUE,""
"wu_irt_2025","primary-held","references-IRT-Zotero/Wu et al. - IRT Observed-Score Equating for Rater-Mediated Assessments Using a Hierarchical Rater Model.pdf","","",TRUE,""
"xiao_performance_2023","primary-held","references-IRT-Zotero/Xiao and Hau - 2023 - Performance of Coefficient Alpha and Its Alternati.pdf","","",TRUE,""
"xing_bayesian_2018","primary-held","references-IRT-Zotero/Xing et al. - Bayesian Conﬁrmatory Factor Analysis.pdf","","",TRUE,""
"xu_robustness_2025","primary-read","references-IRT-Zotero/Xu et al. - 2025 - Robustness of Identifying Item–Trait Relationships Under Non-Normality in MIRT Models.pdf","2026-08-05","PVII-SRC-XU25",TRUE,""
"yang_characterizing_2012","primary-held","references-IRT-Zotero/Yang et al. - 2012 - Characterizing Sources of Uncertainty in Item Response Theory Scale Scores.pdf","","",TRUE,""
"yemao_bayesian_2017","primary-held","references-IRT-Zotero/Yemao and Maolin - 2017 - Bayesian analysis for confirmatory factor model wi.pdf","","",TRUE,""
"zhang_bayesian_2021","primary-held","references-IRT-Zotero/Zhang et al. - 2021 - Bayesian Inference for IRT Models with Non-Normal .pdf","","",TRUE,""
"zhang_blcfa_2021","primary-held","references-IRT-Zotero/Zhang et al. - 2021 - blcfa An R Package for Bayesian Model Modificatio.pdf","","",TRUE,""
"zhang_empirical_nodate","primary-held","references-IRT-Zotero/Zhang et al. - Empirical vs. Expected IRT-Based Reliability Estim.pdf","","",TRUE,""
"zhu_bayesian_2021","primary-held","references-IRT-Zotero/Zhu et al. - 2021 - Bayesian Analysis of a Quantile Multilevel Item Response Theory Model.pdf","","",TRUE,""
"zitzmann_performance_2021","primary-held","references-IRT-Zotero/Zitzmann et al. - 2021 - On the Performance of Bayesian Approaches in Small.pdf","","",TRUE,""
"zumbo_linear_2025","primary-held","references-IRT-Zotero/Zumbo - 2025 - From Linear Geometry to Nonlinear and Information-Geometric Settings in Test Theory Bregman Project.pdf","","",TRUE,""
"zumbo_reliability_2025","primary-held","references-IRT-Zotero/Zumbo - 2025 - Reliability as Projection in Operator-Theoretic Test Theory Conditional Expectation, Hilbert Space.pdf","","",TRUE,""
"aarts_modeling_2026","primary-held","references-Psychological-Methods/Aarts and Haslbeck - 2026 - Modeling psychological time series with multilevel hidden Markov models A tutorial.pdf","","",TRUE,""
"bartos_robust_2025","primary-held","references-Psychological-Methods/Bartoš et al. - 2025 - Robust Bayesian meta-regression Model-averaged moderation analysis in the presence of publication b.pdf","","",TRUE,""
"baurne_heterogeneous_2026","primary-held","references-Psychological-Methods/Baurne et al. - 2026 - Heterogeneous variance models with Gaussian processes.pdf","","",TRUE,""
"boedeker_so_2024","primary-held","references-Psychological-Methods/Boedeker et al. - 2024 - So is it better than something else Using the results of a random-effects meta-analysis to characte.pdf","","",TRUE,""
"bonett_sample_2026","primary-held","references-Psychological-Methods/Bonett - 2026 - Sample size planning for studies with multiple measurement trials.pdf","","",TRUE,""
"bonifay_reassessing_2025","primary-held","references-Psychological-Methods/Bonifay et al. - 2025 - Reassessing the fitting propensity of factor models.pdf","","",TRUE,""
"brancaccio_application_2026","primary-held","references-Psychological-Methods/Brancaccio and Stefanutti - 2026 - An application of procedural knowledge space theory to the study of strategic planning in board game.pdf","","",TRUE,""
"brusco_clustering_2024","primary-held","references-Psychological-Methods/Brusco et al. - 2024 - Clustering methods To optimize or to not optimize.pdf","","",TRUE,""
"chen_adapting_2025","primary-held","references-Psychological-Methods/Chen and Pustejovsky - 2025 - Adapting methods for correcting selective reporting bias in meta-analysis of dependent effect sizes.pdf","","",TRUE,""
"chen_addressing_2026","primary-held","references-Psychological-Methods/Chen and Pustejovsky - 2026 - Addressing selective reporting bias in meta-analysis of dependent effect sizes A tutorial in R..pdf","","",TRUE,""
"cho_reliability_2025","primary-held","references-Psychological-Methods/Cho and Béland - 2025 - Reliability in unidimensional ordinal data A comparison of continuous and ordinal estimators.pdf","","",TRUE,""
"choi_you_2026","primary-held","references-Psychological-Methods/Choi et al. - 2026 - You must parcel carefully if you have to! Comparing eight item parceling strategies with the item-le.pdf","","",TRUE,""
"dao_bayesian_2025","primary-held","references-Psychological-Methods/Dao et al. - 2025 - Bayesian inference for evidence accumulation models with regressors.pdf","","",TRUE,""
"de_jonge_how_2025","primary-held","references-Psychological-Methods/de Jonge et al. - 2025 - How to synthesize randomized controlled trial data with meta-analytic structural equation modeling.pdf","","",TRUE,""
"de_vries_adjusting_2025","primary-held","references-Psychological-Methods/de Vries et al. - 2025 - Adjusting for nonrepresentativeness in continuous norming using multilevel regression and poststrati.pdf","","",TRUE,""
"doebler_beta-binomial_2024","primary-held","references-Psychological-Methods/Doebler et al. - 2024 - Beta-binomial meta-analysis of individual differences based on sample means and standard deviations.pdf","","",TRUE,""
"du_modeling_2026","primary-held","references-Psychological-Methods/Du et al. - 2026 - Modeling cyclic patterns using a two-stage hybrid Bayesian approach.pdf","","",TRUE,""
"galanter_adjustment_2026","primary-held","references-Psychological-Methods/Galanter et al. - 2026 - Adjustment set selection for estimating optimal treatment rules under confounding.pdf","","",TRUE,""
"guo_extending_2026","primary-held","references-Psychological-Methods/Guo and Rights - 2026 - Extending bias adjustments for R-squared to multilevel models.pdf","","",TRUE,""
"haines_tutorial_2025","primary-held","references-Psychological-Methods/Haines et al. - 2025 - A tutorial on using generative models to advance psychological science Lessons from the reliability.pdf","","",TRUE,""
"heister_item_2024","primary-held","references-Psychological-Methods/Heister et al. - 2024 - Item response theory-based continuous test norming.pdf","","",TRUE,""
"humberg_investigating_2024","primary-held","references-Psychological-Methods/Humberg et al. - 2024 - Investigating the effects of congruence between within-person associations A comparison of two exte.pdf","","",TRUE,""
"kang_integration_2025","primary-held","references-Psychological-Methods/Kang and Jeon - 2025 - Integration of latent space and confirmatory factor analysis to explain unexplained person–item inte.pdf","","",TRUE,""
"keller_factored_2025","primary-held","references-Psychological-Methods/Keller - 2025 - A factored regression approach to modeling latent variable interactions and nonlinear effects.pdf","","",TRUE,""
"kiefer_definition_2024","primary-held","references-Psychological-Methods/Kiefer et al. - 2024 - Definition and identification of causal ratio effects.pdf","","",TRUE,""
"konold_practice_2025","primary-held","references-Psychological-Methods/Konold and Sanders - 2025 - The practice of aggregating lower level predictors in clustered data A reflection on reflective var.pdf","","",TRUE,""
"lai_two-stage_2026","primary-held","references-Psychological-Methods/Lai and Liu - 2026 - A two-stage approach to account for measurement error when using empirical Bayes estimates of random.pdf","","",TRUE,""
"lazic_why_2024","primary-held","references-Psychological-Methods/Lazic - 2024 - Why multiple hypothesis test corrections provide poor control of false positives in the real world.pdf","","",TRUE,""
"le_bayesian_2025","primary-held","references-Psychological-Methods/Le et al. - 2025 - Bayesian multilevel compositional data analysis Introduction, evaluation, and application.pdf","","",TRUE,""
"lee_comparison_2024","primary-held","references-Psychological-Methods/Lee and Leite - 2024 - A comparison of random forest-based missing imputation methods for covariates in propensity score an.pdf","","",TRUE,""
"leite_machine_2025","primary-held","references-Psychological-Methods/Leite et al. - 2025 - Machine learning for propensity score estimation A systematic review and reporting guidelines.pdf","","",TRUE,""
"li_bayesian_2026","primary-held","references-Psychological-Methods/Li and Luo - 2026 - Bayesian marginalized zero-inflated Poisson model with random effects for single-case experimental d.pdf","","",TRUE,""
"liang_power_2024","primary-held","references-Psychological-Methods/Liang and Sterba - 2024 - Power analysis to detect misfit in SEMs with many items Resolving unrecognized problems, relating o.pdf","","",TRUE,""
"lin_reliability_2025","primary-held","references-Psychological-Methods/Lin et al. - 2025 - Reliability for multilevel data A correlation approach.pdf","","",TRUE,""
"liu_summed_2024","primary-held","references-Psychological-Methods/Liu and Pek - 2024 - Summed versus estimated factor scores Considering uncertainties when using observed scores.pdf","","",TRUE,""
"loh_tutorial_2025","primary-held","references-Psychological-Methods/Loh and Jorgensen - 2025 - A tutorial on estimating dynamic treatment regimes from observational longitudinal data using lavaan.pdf","","",TRUE,""
"luo_bayesian_2026","primary-held","references-Psychological-Methods/Luo et al. - 2026 - Bayesian evaluation for latent variable models A tutorial on computing information criteria and bay.pdf","","",TRUE,""
"ma_comparison_2026","primary-held","references-Psychological-Methods/Ma et al. - 2026 - A comparison of the predictive performance of continuous and class-based latent trait models.pdf","","",TRUE,""
"mcneish_exploring_2025","primary-held","references-Psychological-Methods/McNeish and Savord - 2025 - Exploring how many categories are needed to model ordinal intensive longitudinal data as continuous.pdf","","",TRUE,""
"miyoshi_generalized_2024","primary-held","references-Psychological-Methods/Miyoshi and Nishida - 2024 - Generalized Gaussian signal detection theory A unified signal detection framework for confidence da.pdf","","",TRUE,""
"noel_post_2026","primary-held","references-Psychological-Methods/Noel - 2026 - Post Hoc comparisons in fixed-effect ANOVA A sequential fusion approach with calibrated error contr.pdf","","",TRUE,""
"orsoni_information_2025","primary-held","references-Psychological-Methods/Orsoni et al. - 2025 - Information theory, machine learning, and Bayesian networks in the analysis of dichotomous and Liker.pdf","","",TRUE,""
"padgett_regularizing_2024","primary-held","references-Psychological-Methods/Padgett et al. - 2024 - Regularizing threshold priors with sparse response patterns in Bayesian factor analysis with categor.pdf","","",TRUE,""
"park_reevaluating_2025","primary-held","references-Psychological-Methods/Park and Yi - 2025 - Reevaluating R²med as an effect size measure for indirect effects.pdf","","",TRUE,""
"park_causal_2025","primary-held","references-Psychological-Methods/Park et al. - 2025 - Causal decomposition analysis with synergistic interventions A triply robust machine-learning appro.pdf","","",TRUE,""
"pesigan_inferences_2025","primary-held","references-Psychological-Methods/Pesigan et al. - 2025 - Inferences and effect sizes for direct, indirect, and total effects in continuous-time mediation mod.pdf","","",TRUE,""
"pfister_consistency_2024","primary-held","references-Psychological-Methods/Pfister - 2024 - Consistency of Bayes factor estimates in Bayesian analysis of variance.pdf","","",TRUE,""
"pohl_causal_2026","primary-held","references-Psychological-Methods/Pohl et al. - 2026 - A causal framework for explaining effect heterogeneity in conceptual replications.pdf","","",TRUE,""
"qiu_bayesian_2025","primary-held","references-Psychological-Methods/Qiu et al. - 2025 - Bayesian nonparametric latent class analysis with different item types.pdf","","",TRUE,""
"rosel_tutorial_2025","primary-held","references-Psychological-Methods/Rosel et al. - 2025 - A tutorial and methodological review of linear time series models Using R and SPSS.pdf","","",TRUE,""
"shao_zero_2025","primary-held","references-Psychological-Methods/Shao et al. - 2025 - Zero inflation in intensive longitudinal data Why is it important and how should we deal with it.pdf","","",TRUE,""
"siepe_simulation_2024","primary-held","references-Psychological-Methods/Siepe et al. - 2024 - Simulation studies for methodological research in psychology A standardized template for planning,.pdf","","",TRUE,""
"silvey_bayes_2024","primary-held","references-Psychological-Methods/Silvey et al. - 2024 - Bayes factors for logistic (mixed-effect) models.pdf","","",TRUE,""
"speck_beyond_2026","primary-held","references-Psychological-Methods/Speck et al. - 2026 - Beyond the hype A simulation study evaluating the predictive performance of machine learning models.pdf","","",TRUE,""
"van_aert_meta-analyzing_2025","primary-held","references-Psychological-Methods/van Aert - 2025 - Meta-analyzing nonpreregistered and preregistered studies.pdf","","",TRUE,""
"vieira_evaluating_2026","primary-held","references-Psychological-Methods/Vieira et al. - 2026 - Evaluating local structural-after-measurement and traditional approaches for the estimation of compl.pdf","","",TRUE,""
"whittaker_meta-analysis_2024","primary-held","references-Psychological-Methods/Whittaker et al. - 2024 - Meta-analysis of Monte Carlo simulations examining class enumeration accuracy with mixture models.pdf","","",TRUE,""
"yang_role_2024","primary-held","references-Psychological-Methods/Yang et al. - 2024 - The role of a quadratic term in estimating the average treatment effect from longitudinal randomized.pdf","","",TRUE,""
"zhang_bayesian_2024","primary-held","references-Psychological-Methods/Zhang et al. - 2024 - Bayesian (non)linear random effects mediation models Evaluating the impact of omitting confounders.pdf","","",TRUE,""
"zhang_best_2026","primary-held","references-Psychological-Methods/Zhang et al. - 2026 - Best practices in multilevel modeling for within-cluster group comparisons An evaluation of coding.pdf","","",TRUE,""
"blanca_skewness_2013","primary-read","references-nonnormal/Blanca et al. - 2013 - Skewness and Kurtosis in Real Data Samples.pdf","2026-08-06","VERIF-BLANCA-2013",TRUE,""
"bock_marginal_1981","primary-read","references-nonnormal/Bock and Aitkin - 1981 - Marginal Maximum Likelihood Estimation of Item Parameters Application of an EM Algorithm.pdf","2026-08-06","VERIF-BOCKAITKIN-1981",TRUE,""
"cain_univariate_2017","primary-read","references-nonnormal/Cain et al. - 2017 - Univariate and multivariate skewness and kurtosis for measuring nonnormality Prevalence, influence.pdf","2026-08-06","VERIF-CAIN-2017",TRUE,""
"ferr_normal_2025","primary-held","references-nonnormal/Ferr - 2025 - The normal distribution is not normal in psychological data Moving beyond parametric dogma.pdf","","",TRUE,""
"ho_descriptive_2015","primary-held","references-nonnormal/Ho and Yu - 2015 - Descriptive Statistics for Modern Test Score Distributions Skewness, Kurtosis, Discreteness, and Ce.pdf","","",TRUE,""
"mislevy_estimating_1984","primary-held","references-nonnormal/Mislevy - 1984 - Estimating Latent Distributions.pdf","","",TRUE,""
"sass_estimating_2008","primary-held","references-nonnormal/Sass et al. - 2008 - Estimating Non-Normal Latent Trait Distributions within Item Response Theory Using True and Estimate.pdf","","",TRUE,""
"van_den_oord_estimating_2005","primary-held","references-nonnormal/van den Oord - 2005 - Estimating Johnson Curve Population Distributions in MULTILOG.pdf","","",TRUE,""
"woods_empirical_2007","primary-held","references-nonnormal/Woods - 2007 - Empirical Histograms in Item Response Theory With Ordinal Data.pdf","","",TRUE,""
"woods_item_2009","primary-held","references-nonnormal/Woods and Lin - 2009 - Item Response Theory With Estimation of the Latent Density Using Davidian Curves.pdf","","",TRUE,""
"acciai_estimating_2023","primary-held","reference-IRW-Reliability-Paper/Acciai et al. - 2023 - Estimating social bias in data sharing behaviours an open science experiment.pdf","","",TRUE,""
"ahmed_heterogeneity_2025","primary-held","reference-IRW-Reliability-Paper/Ahmed et al. - 2025 - Heterogeneity of Item-Treatment Interactions Masks Complexity and Generalizability in Randomized Con.pdf","","",TRUE,""
"berge_greatest_2004","primary-held","reference-IRW-Reliability-Paper/Berge and Sočan - 2004 - The Greatest Lower Bound to the Reliability of a Test and the Hypothesis of Unidimensionality.pdf","","",TRUE,""
"bonett_sample_2002","primary-held","reference-IRW-Reliability-Paper/Bonett - 2002 - Sample Size Requirements for Testing and Estimating Coefficient Alpha.pdf","","",TRUE,""
"bonett_varying_2010","primary-held","reference-IRW-Reliability-Paper/Bonett - 2010 - Varying coefficient meta-analytic methods for alpha reliability..pdf","","",TRUE,""
"chalmers_mirt_2012","primary-held","reference-IRW-Reliability-Paper/Chalmers - 2012 - mirt A Multidimensional Item Response Theory Package for the R Environment.pdf","","",TRUE,""
"cho_multilevel_2019","primary-held","reference-IRW-Reliability-Paper/Cho et al. - 2019 - Multilevel Reliability Measures of Latent Scores Within an Item Response Theory Framework.pdf","","",TRUE,""
"cronbach_coefficient_1951","primary-read","reference-IRW-Reliability-Paper/Cronbach - 1951 - Coefficient Alpha and the Internal Structure of Tests.pdf","2026-08-06","VERIF-CRONBACH-1951",TRUE,""
"cronbach_my_2004","primary-read","reference-IRW-Reliability-Paper/Cronbach and Shavelson - 2004 - My Current Thoughts on Coefficient Alpha and Successor Procedures.pdf","2026-08-06","VERIF-CRONBACH-2004",TRUE,""
"culpepper_reliability_2013","primary-held","reference-IRW-Reliability-Paper/Culpepper - 2013 - The Reliability and Precision of Total Scores and IRT Estimates as a Function of Polytomous IRT Para.pdf","","",TRUE,""
"domingue_intermodel_2024","primary-held","reference-IRW-Reliability-Paper/Domingue et al. - 2024 - The InterModel Vigorish as a Lens for Understanding (and Quantifying) the Value of Item Response Mod.pdf","","",TRUE,""
"efron_empirical_2016","primary-read","reference-IRW-Reliability-Paper/Efron - 2016 - Empirical Bayes deconvolution estimates.pdf","2026-08-06","VERIF-EFRON-2016",TRUE,""
"gelman_difference_2006","primary-held","reference-IRW-Reliability-Paper/Gelman and Stern - 2006 - The Difference Between “Significant” and “Not Significant” is not Itself Statistically Significant.pdf","","",TRUE,""
"gilbert_estimating_2025","primary-held","reference-IRW-Reliability-Paper/Gilbert et al. - 2025 - Estimating heterogeneous treatment effects with item-level outcome data Insights from Item Response.pdf","","",TRUE,""
"gilbert_item-level_2025","primary-held","reference-IRW-Reliability-Paper/Gilbert et al. - 2025 - Item-Level Heterogeneity in Value Added Models Implications for Reliability, Cross-Study Comparabil.pdf","","",TRUE,""
"gilbert_conditional_2026","primary-held","reference-IRW-Reliability-Paper/Gilbert et al. - 2026 - Conditional Dependencies Between Response Time and Item Discrimination An Item-Level Meta-Analysis.pdf","","",TRUE,""
"gilbert_estimating_2026","primary-held","reference-IRW-Reliability-Paper/Gilbert et al. - 2026 - Estimating causal effects on psychological networks using item response theory..pdf","","",TRUE,""
"gilbert_sensitivity_2026","primary-held","reference-IRW-Reliability-Paper/Gilbert et al. - 2026 - The Sensitivity of Value-Added Estimates to Test Scoring Decisions.pdf","","",TRUE,""
"greco_meta-analysis_2018","primary-held","reference-IRW-Reliability-Paper/Greco et al. - 2018 - Meta-Analysis of Coefficient Alpha A Reliability Generalization Study.pdf","","",TRUE,""
"green_technical_1984","primary-read","reference-IRW-Reliability-Paper/Green et al. - 1984 - Technical Guidelines for Assessing Computerized Adaptive Tests.pdf","2026-08-06","VERIF-GREEN-1984",TRUE,""
"guttman_basis_1945","primary-read","reference-IRW-Reliability-Paper/Guttman - 1945 - A Basis for Analyzing Test-Retest Reliability.pdf","2026-08-06","VERIF-GUTTMAN-1945",TRUE,""
"hedges_robust_2010","primary-held","reference-IRW-Reliability-Paper/Hedges et al. - 2010 - Robust variance estimation in meta-regression with dependent effect size estimates.pdf","","",TRUE,""
"holm_simple_1979","primary-held","reference-IRW-Reliability-Paper/Holm - 1979 - A Simple Sequentially Rejective Multiple Test Procedure.pdf","","",TRUE,""
"hussey_aberrant_2025","primary-read","reference-IRW-Reliability-Paper/Hussey et al. - 2025 - An Aberrant Abundance of Cronbach’s Alpha Values at .70.pdf","2026-08-06","VERIF-HUSSEY-2025",TRUE,""
"kelley_confidence_2016","primary-held","reference-IRW-Reliability-Paper/Kelley and Pornprasertmanit - 2016 - Confidence intervals for population reliability coefficients Evaluation of methods, recommendations.pdf","","",TRUE,""
"kim_ability_1993","primary-held","reference-IRW-Reliability-Paper/Kim and Nicewander - 1993 - Ability Estimation for Conventional Tests.pdf","","",TRUE,""
"konstantopoulos_fixed_2011","primary-held","reference-IRW-Reliability-Paper/Konstantopoulos - 2011 - Fixed effects and variance components estimation in three-level meta-analysis.pdf","","",TRUE,""
"lance_sources_2006","primary-held","reference-IRW-Reliability-Paper/Lance et al. - 2006 - The Sources of Four Commonly Reported Cutoff Criteria What Did They Really Say.pdf","","",TRUE,""
"lee_reliability-targeted_2026","programme-artifact-read","reference-IRW-Reliability-Paper/Lee - 2026 - Reliability-Targeted Simulation of Item Response Data Solving the Inverse Design Problem.pdf","2026-08-07","PAR-002",TRUE,""
"liu_comparing_2026","primary-held","reference-IRW-Reliability-Paper/Liu et al. - 2026 - Comparing Compensatory and Noncompensatory MIRT Models Using Large-Scale Item Response Data.pdf","","",TRUE,""
"loken_measurement_2017","primary-held","reference-IRW-Reliability-Paper/Loken and Gelman - 2017 - Measurement error and the replication crisis.pdf","","",TRUE,""
"lopez-ibanez_reliability_2024","primary-held","reference-IRW-Reliability-Paper/López-Ibáñez et al. - 2024 - Reliability generalization meta-analysis comparing different statistical methods.pdf","","",TRUE,""
"masters_rasch_1982","primary-read","reference-IRW-Reliability-Paper/Masters - 1982 - A Rasch Model for Partial Credit Scoring.pdf","2026-08-05","PVII-SRC-MASTERS",TRUE,""
"mcneish_thanks_2018","primary-held","reference-IRW-Reliability-Paper/McNeish - 2018 - Thanks coefficient alpha, we’ll take it from here.pdf","","",TRUE,""
"nalbandyan_signposts_2026","primary-held","reference-IRW-Reliability-Paper/Nalbandyan et al. - 2026 - Signposts on the Path From Nominal to Ordinal Scales Moving From a Discrete to a Continuous View.pdf","","",TRUE,""
"parsons_psychological_2019","primary-held","reference-IRW-Reliability-Paper/Parsons et al. - 2019 - Psychological Science Needs a Standard Practice of Reporting the Reliability of Cognitive-Behavioral.pdf","","",TRUE,""
"pustejovsky_small-sample_2018","primary-held","reference-IRW-Reliability-Paper/Pustejovsky and and Tipton - 2018 - Small-Sample Methods for Cluster-Robust Variance Estimation and Hypothesis Testing in Fixed Effects.pdf","","",TRUE,""
"pustejovsky_meta-analysis_2022","primary-held","reference-IRW-Reliability-Paper/Pustejovsky and Tipton - 2022 - Meta-analysis with Robust Variance Estimation Exp.pdf","","",TRUE,""
"sanchez-meca_recommended_2013","primary-held","reference-IRW-Reliability-Paper/Sánchez-Meca et al. - 2013 - Some recommended statistical analytic practices when reliability generalization studies are conducte.pdf","","",TRUE,""
"satterthwaite_approximate_1946","primary-held","reference-IRW-Reliability-Paper/Satterthwaite - 1946 - An Approximate Distribution of Estimates of Variance Components.pdf","","",TRUE,""
"scherer_tutorial_2020","primary-held","reference-IRW-Reliability-Paper/Scherer and Teo - 2020 - A tutorial on the meta-analytic structural equation modeling of reliability coefficients.pdf","","",TRUE,""
"sijtsma_use_2009","primary-read","reference-IRW-Reliability-Paper/Sijtsma - 2009 - On the Use, the Misuse, and the Very Limited Usefulness of Cronbach’s Alpha.pdf","2026-08-06","VERIF-SIJTSMA-2009",TRUE,""
"sijtsma_part_2021","primary-held","reference-IRW-Reliability-Paper/Sijtsma and Pfadt - 2021 - Part II On the Use, the Misuse, and the Very Limited Usefulness of Cronbach’s Alpha Discussing Low.pdf","","",TRUE,""
"simonsohn_specification_2020","primary-held","reference-IRW-Reliability-Paper/Simonsohn et al. - 2020 - Specification curve analysis.pdf","","",TRUE,""
"steegen_increasing_2016","primary-held","reference-IRW-Reliability-Paper/Steegen et al. - 2016 - Increasing Transparency Through a Multiverse Analysis.pdf","","",TRUE,""
"thompson_psychometrics_2000","primary-held","reference-IRW-Reliability-Paper/Thompson and Vacha-Haase - 2000 - Psychometrics is Datametrics the Test is not Reliable.pdf","","",TRUE,""
"tipton_small-sample_2015","primary-held","reference-IRW-Reliability-Paper/Tipton and Pustejovsky - 2015 - Small-Sample Adjustments for Tests of Moderators and Model Fit Using Robust Variance Estimation in M.pdf","","",TRUE,""
"vacha-haase_reliability_1998","primary-held","reference-IRW-Reliability-Paper/Vacha-Haase - 1998 - Reliability Generalization Exploring Variance in Measurement Error Affecting Score Reliability Acro.pdf","","",TRUE,""
"van_den_noortgate_three-level_2013","primary-held","reference-IRW-Reliability-Paper/Van den Noortgate et al. - 2013 - Three-level meta-analysis of dependent effect sizes.pdf","","",TRUE,""
"viechtbauer_conducting_2010","primary-held","reference-IRW-Reliability-Paper/Viechtbauer - 2010 - Conducting Meta-Analyses in R with the metafor Package.pdf","","",TRUE,""
"warm_weighted_1989","primary-read","reference-IRW-Reliability-Paper/Warm - 1989 - Weighted Likelihood Estimation of Ability in Item Response Theory.pdf","2026-08-04","THM-06-1",TRUE,""
"weston_recommendations_2019","primary-held","reference-IRW-Reliability-Paper/Weston et al. - 2019 - Recommendations for Increasing the Transparency of Analysis of Preexisting Data Sets.pdf","","",TRUE,""
"zhang_realistic_2025","primary-read","reference-IRW-Reliability-Paper/Zhang et al. - 2025 - Realistic simulation of item difficulties.pdf","2026-08-06","VERIF-ZHANG-2025",TRUE,""
"borsboom_concept_2004","primary-held","references-01-reliability-assets/Borsboom et al. - 2004 - The Concept of Validity.pdf","","",TRUE,""
"cronbach_construct_1955","primary-held","references-01-reliability-assets/Cronbach and Meehl - 1955 - Construct validity in psychological tests.pdf","","",TRUE,""
"diciccio_bootstrap_1996","primary-held","references-01-reliability-assets/DiCiccio and Efron - 1996 - Bootstrap confidence intervals.pdf","","",TRUE,""
"ellis_standard_2013","primary-held","references-01-reliability-assets/Ellis - 2013 - A standard for test reliability in group research.pdf","","",TRUE,""
"ellis_test_2021","primary-held","references-01-reliability-assets/Ellis - 2021 - A Test Can Have Multiple Reliabilities.pdf","","",TRUE,""
"flake_measurement_2020","primary-held","references-01-reliability-assets/Flake and Fried - 2020 - Measurement Schmeasurement Questionable Measurement Practices and How to Avoid Them.pdf","","",TRUE,""
"hedge_reliability_2018","primary-held","references-01-reliability-assets/Hedge et al. - 2018 - The reliability paradox Why robust cognitive tasks do not produce reliable individual differences.pdf","","",TRUE,""
"koehler_assessment_2009","primary-held","references-01-reliability-assets/Koehler et al. - 2009 - On the Assessment of Monte Carlo Error in Simulation-Based Statistical Analyses.pdf","","",TRUE,""
"markon_reliability_2023","primary-held","references-01-reliability-assets/Markon - 2023 - Reliability as Lindley Information.pdf","","",TRUE,""
"nosek_promoting_2015","primary-held","references-01-reliability-assets/Nosek et al. - 2015 - Promoting an open research culture.pdf","","",TRUE,""
"shavelson_generalizability_1989","primary-held","references-01-reliability-assets/Shavelson et al. - 1989 - Generalizability theory.pdf","","",TRUE,""
"webb_4_2006","primary-held","references-01-reliability-assets/Webb et al. - 2006 - 4 Reliability Coefficients and Generalizability Theory.pdf","","",TRUE,""
"yarkoni_choosing_2017","primary-held","references-01-reliability-assets/Yarkoni and Westfall - 2017 - Choosing Prediction Over Explanation in Psychology Lessons From Machine Learning.pdf","","",TRUE,""
"dorazio_selecting_2009","primary-read","references-DPM-Paper/1-s2.0-S0378375809000755-main.pdf","2026-08-06","VERIF-DORAZIO-2009",TRUE,""
"antonelli_mitigating_2016","primary-read","references-DPM-Paper/Antonelli et al. - 2016 - Mitigating Bias in Generalized Linear Mixed Models.pdf","2026-08-06","VERIF-ANTONELLI-2016",TRUE,""
"antoniak_mixtures_1974","primary-read","references-DPM-Paper/Antoniak - 1974 - Mixtures of Dirichlet Processes with Applications .pdf","2026-08-04","THM-15-4",TRUE,""
"arratia_number_2000","primary-held","references-DPM-Paper/Arratia et al. - 2000 - The number of components in a logarithmic combinatorial structure.pdf","","",TRUE,""
"arratia_logarithmic_2003","primary-held","references-DPM-Paper/Arratia et al. - 2003 - Logarithmic combinatorial structures a probabilistic approach.pdf","","",TRUE,""
"basu_marginal_2003","primary-held","references-DPM-Paper/Basu and Chib - 2003 - Marginal Likelihood and Bayes Factors for Dirichle.pdf","","",TRUE,""
"bauer_uniqueness_2016","primary-held","references-DPM-Paper/Bauer et al. - 2016 - Uniqueness of the Fisher–Rao metric on the space of smooth densities.pdf","","",TRUE,""
"bonafos_dirichlet_2024","primary-held","references-DPM-Paper/Bonafos et al. - 2024 - Dirichlet process mixture model based on topologically augmented signal representation for clusterin.pdf","","",TRUE,""
"cao_bayesian_2024","primary-held","references-DPM-Paper/Cao et al. - 2024 - A Bayesian nonparametric meta-analysis model for estimating the reference interval.pdf","","",TRUE,""
"cardoso_dirichlet_2024","primary-held","references-DPM-Paper/Cardoso et al. - 2024 - Dirichlet process mixture models to impute missing.pdf","","",TRUE,""
"dombowsky_product_2025","primary-held","references-DPM-Paper/Dombowsky and Dunson - 2025 - Product Centered Dirichlet Processes for Bayesian Multiview Clustering.pdf","","",TRUE,""
"dorazio_modeling_2008","primary-held","references-DPM-Paper/Dorazio et al. - 2008 - Modeling Unobserved Sources of Heterogeneity in An.pdf","","",TRUE,""
"dunson_bayesian_2006","primary-held","references-DPM-Paper/Dunson - 2006 - Bayesian dynamic modeling of latent trait distribu.pdf","","",TRUE,""
"dunson_bayesian_2007","primary-held","references-DPM-Paper/Dunson et al. - 2007 - Bayesian Density Regression.pdf","","",TRUE,""
"escobar_bayesian_1995","primary-held","references-DPM-Paper/Escobar and West - 1995 - Bayesian Density Estimation and Inference Using Mi.pdf","","",TRUE,""
"escobar_computing_1998","primary-held","references-DPM-Paper/Escobar and West - 1998 - Computing Nonparametric Hierarchical Models.pdf","","",TRUE,""
"ferguson_bayesian_1973","primary-read","references-DPM-Paper/Ferguson - 1973 - A Bayesian Analysis of Some Nonparametric Problems.pdf","2026-08-04","DEF-15-1",TRUE,""
"fruhwirth-schnatter_generalized_2021","primary-held","references-DPM-Paper/Frühwirth-Schnatter et al. - 2021 - Generalized Mixtures of Finite Mixtures and Telescoping Sampling.pdf","","",TRUE,""
"ghilotti_bayesian_2025","primary-held","references-DPM-Paper/Ghilotti et al. - 2025 - Bayesian analysis of product feature allocation models.pdf","","",TRUE,""
"gill_nonparametric_2009","primary-held","references-DPM-Paper/Gill and Casella - 2009 - Nonparametric Priors for Ordinal Bayesian Social S.pdf","","",TRUE,""
"giordano_evaluating_2022","primary-read","references-DPM-Paper/Giordano et al. - 2022 - Evaluating Sensitivity to the Stick-Breaking Prior.pdf","2026-08-06","VERIF-GIORDANO-2022",TRUE,""
"grazian_advances_2025","primary-held","references-DPM-Paper/Grazian - 2025 - Advances in Bayesian random partition models A comprehensive review.pdf","","",TRUE,""
"greve_spying_2022","primary-read","references-DPM-Paper/Greve et al. - 2022 - Spying on the prior of the number of data clusters and the partition distribution in Bayesian cluste.pdf","2026-08-06","VERIF-GREVE-2022",TRUE,""
"ishwaran_markov_2000","primary-read","references-DPM-Paper/Ishwaran and Zarepour - 2000 - Markov chain Monte Carlo in approximate Dirichlet .pdf","2026-08-06","VERIF-ISHWARAN-2000",TRUE,""
"iwashige_bayesian_2025","primary-held","references-DPM-Paper/Iwashige and Hashimoto - 2025 - Bayesian mixture modeling using a mixture of finite mixtures with normalized inverse Gaussian weight.pdf","","",TRUE,""
"jeffreys_invariant_1946","primary-held","references-DPM-Paper/Jeffreys - 1946 - An invariant form for the prior probability in estimation problems.pdf","","",TRUE,""
"kingman_random_1975","primary-held","references-DPM-Paper/Kingman - 1975 - Random Discrete Distributions.pdf","","",TRUE,""
"lee_constrained_nodate","primary-held","references-DPM-Paper/Lee - Constrained Bayesian Inference for Density Estimation and Informative Bayesian Models.pdf","","",TRUE,""
"leslie_general_2007","primary-held","references-DPM-Paper/Leslie et al. - 2007 - A general approach to heteroscedastic linear regre.pdf","","",TRUE,""
"liu_nonparametric_1996","primary-held","references-DPM-Paper/Liu - 1996 - Nonparametric hierarchical Bayes via sequential imputations.pdf","","",TRUE,""
"lo_class_1984","primary-read","references-DPM-Paper/Lo - 1984 - On a Class of Bayesian Nonparametric Estimates I. Density Estimates.pdf","2026-08-04","NSR-001",TRUE,""
"ma_bayesian_2020","primary-held","references-DPM-Paper/Ma and Chen - 2020 - Bayesian semiparametric latent variable model with.pdf","","",TRUE,""
"maceachern_estimating_1998","primary-held","references-DPM-Paper/Maceachern and Müller - 1998 - Estimating Mixture of Dirichlet Process Models.pdf","","",TRUE,""
"matza_infinite_2021","primary-held","references-DPM-Paper/Matza and Bistritz - 2021 - Infinite Gaussian Mixture Modeling with an Improved Estimation of the Number of Clusters.pdf","","",TRUE,""
"mignemi_bayesian_2025","primary-held","references-DPM-Paper/Mignemi and Manolopoulou - 2025 - Bayesian Nonparametric Models for Multiple Raters A General Statistical Framework.pdf","","",TRUE,""
"miller_mixture_2018","primary-held","references-DPM-Paper/Miller and Harrison - 2018 - Mixture Models With a Prior on the Number of Components.pdf","","",TRUE,""
"muller_bayesian_2015","primary-held","references-DPM-Paper/Müller et al. - 2015 - Bayesian Nonparametric Data Analysis.pdf","","",TRUE,""
"murugiah_selecting_2012","primary-read","references-DPM-Paper/Murugiah and Sweeting - 2012 - Selecting the precision parameter prior in Dirichl.pdf","2026-08-06","VERIF-MURUGIAH-2012",TRUE,""
"muthukumarana_meta-analysis_2016","primary-held","references-DPM-Paper/Muthukumarana and Tiwari - 2016 - Meta-analysis using Dirichlet process.pdf","","",TRUE,""
"navarro_modeling_2006","primary-held","references-DPM-Paper/Navarro et al. - 2006 - Modeling individual differences using Dirichlet processes.pdf","","",TRUE,""
"panagiotopoulou_meta-analysis_2025","primary-held","references-DPM-Paper/Panagiotopoulou et al. - 2025 - Meta-analysis models relaxing the random-effects normality assumption methodological systematic rev.pdf","","",TRUE,""
"ricciardi_dirichlet_2020","primary-held","references-DPM-Paper/Ricciardi et al. - 2020 - Dirichlet Process Mixture Models for Regression Di.pdf","","",TRUE,""
"rigon_bayesian_2025","primary-held","references-DPM-Paper/Rigon et al. - 2025 - A Bayesian theory for estimation of biodiversity.pdf","","",TRUE,""
"robert_monte_2004","primary-held","references-DPM-Paper/Robert and Casella - 2004 - Monte Carlo Statistical Methods.pdf","","",TRUE,""
"rodriguez_jeffreys_2013","primary-read","references-DPM-Paper/Rodríguez - 2013 - On the Jeffreys prior for the multivariate Ewens distribution.pdf","2026-08-06","VERIF-RODRIGUEZ-2013",TRUE,""
"sethuraman_constructive_1994","primary-read","references-DPM-Paper/Sethuraman - 1994 - A Constructive Definition of Dirichlet Priors.pdf","2026-08-04","THM-15-2;PROP-15-5",TRUE,""
"sollmann_bayesian_2021","primary-held","references-DPM-Paper/Sollmann et al. - 2021 - A Bayesian Dirichlet process community occupancy model to estimate community structure and species s.pdf","","",TRUE,""
"vicentini_prior_2025","primary-read","references-DPM-Paper/Vicentini and Jermyn - 2025 - Prior selection for the precision parameter of Dirichlet Process Mixtures.pdf","2026-08-06","VERIF-VICENTINI-2025",TRUE,""
"zito_bayesian_2024","primary-held","references-DPM-Paper/Zito et al. - 2024 - Bayesian nonparametric modeling of latent partitions via Stirling-gamma priors.pdf","","",TRUE,""
"albert_bayesian_1992","primary-read","references-DPMirt/Albert - 1992 - Bayesian Estimation of Normal Ogive Item Response Curves Using Gibbs Sampling.pdf","2026-08-06","VERIF-ALBERT-1992",TRUE,""
"bolt_mixture_2001","primary-held","references-DPMirt/Bolt et al. - 2001 - A Mixture Item Response Model for Multiple-Choice Data.pdf","","",TRUE,""
"fuchs_past_2004","primary-held","references-DPMirt/Fuchs - 2004 - The Past, Present, and Future of Curriculum-Based Measurement Research.pdf","","",TRUE,""
"gelman_prior_2006","primary-read","references-DPMirt/Gelman - 2006 - Prior distributions for variance parameters in hierarchical models (comment on article by Browne and.pdf","2026-08-06","VERIF-GELMAN-2006",TRUE,""
"ghosh_constrained_1992","primary-read","references-DPMirt/Ghosh - 1992 - Constrained Bayes Estimation with Applications.pdf","2026-08-05","THM-18-1;PV-SRC-GHOSH;PVII-SRC-GHOSH",TRUE,""
"gnaldi_multilevel_2016","primary-held","references-DPMirt/Gnaldi et al. - 2016 - A multilevel finite mixture item response model to cluster examinees and schools.pdf","","",TRUE,""
"goldstein_league_1996","primary-read","references-DPMirt/Goldstein and Spiegelhalter - 1996 - League Tables and Their Limitations Statistical Issues in Comparisons of Institutional Performance.pdf","2026-08-05","PROP-17-2;PV-SRC-GOLDSTEIN",TRUE,""
"jara_dppackage_2011","primary-held","references-DPMirt/Jara et al. - 2011 - DPpackage  Bayesian Semi- and Nonparametric Modeling in R.pdf","","",TRUE,""
"laird_empirical_1989","primary-read","references-DPMirt/Laird and Louis - 1989 - Empirical Bayes Ranking Methods.pdf","2026-08-05","PROP-12-3;PROP-17-2;PV-SRC-LAIRD",TRUE,""
"lin_loss_2006","primary-read","references-DPMirt/Lin et al. - 2006 - Loss function based ranking in two-stage, hierarchical models.pdf","2026-08-05","PV-SRC-LIN",TRUE,""
"lockwood_uncertainty_2002","primary-read","references-DPMirt/Lockwood et al. - 2002 - Uncertainty in Rank Estimation Implications for V.pdf","2026-08-05","PROP-20-1;PV-SRC-LOCKWOOD02;PVII-SRC-LOCKWOOD02",TRUE,""
"lockwood_flexible_2018","primary-read","references-DPMirt/Lockwood et al. - 2018 - Flexible Bayesian Models for Inferences From Coars.pdf","2026-08-05","PV-SRC-LOCKWOOD18;PVII-SRC-LOCKWOOD",TRUE,""
"lord_unbiased_1983","primary-read","references-DPMirt/Lord - 1983 - Unbiased Estimators of Ability Parameters, of their Variance, and of their Parallel-Forms Reliabilit.pdf","2026-08-06","VERIF-LORD-1983",TRUE,""
"louis_estimating_1984","primary-read","references-DPMirt/Louis - 1984 - Estimating a Population of Parameter Values Using Bayes and Empirical Bayes Methods.pdf","2026-08-05","THM-11-1;PROP-11-3;THM-18-1;PV-SRC-LOUIS",TRUE,""
"louis_innovations_1999","primary-held","references-DPMirt/Louis and Shen - 1999 - Innovations in Bayes and empirical Bayes methods estimating parameters, populations and ranks.pdf","","",TRUE,""
"mislevy_bayes_1986","primary-held","references-DPMirt/Mislevy - 1986 - Bayes Modal Estimation in Item Response Models.pdf","","",TRUE,""
"mislevy_estimating_1992","primary-held","references-DPMirt/Mislevy et al. - 1992 - Estimating Population Characteristics from Sparse Matrix Samples of Item Responses.pdf","","",TRUE,""
"miyazaki_bayesian_2009","primary-read","references-DPMirt/Miyazaki and Hoshino - 2009 - A Bayesian Semiparametric Item Response Model with Dirichlet Process Priors.pdf","2026-08-06","VERIF-MIYAZAKI-2009",TRUE,""
"muraki_generalized_1992","primary-read","references-DPMirt/Muraki - 1992 - A Generalized Partial Credit Model Application of an EM Algorithm.pdf","2026-08-05","PVII-SRC-MURAKI",TRUE,""
"patz_straightforward_1999","primary-read","references-DPMirt/Patz and Junker - 1999 - A Straightforward Approach to Markov Chain Monte Carlo Methods for Item Response Models.pdf","2026-08-06","VERIF-PATZ-1999",TRUE,""
"rubin_estimation_1981","primary-read","references-DPMirt/Rubin - 1981 - Estimation in Parallel Randomized Experiments.pdf","2026-08-06","VERIF-RUBIN-1981",TRUE,""
"samejima_estimation_1969","primary-read","references-DPMirt/Samejima - 1969 - Estimation of Latent Ability Using a Response Pattern of Graded Scores.pdf","2026-08-05","PVII-SRC-SAMEJIMA",TRUE,""
"shen_triple-goal_1998","primary-read","references-DPMirt/Shen and Louis - 1998 - Triple-goal estimates in two-stage hierarchical mo.pdf","2026-08-05","PROP-17-1;PROP-17-2;THM-17-3;PROP-18-2;THM-19-1;PROP-19-2;PROP-19-3;PV-SRC-SHEN;PVII-SRC-SHEN-VII;PVII-SRC-SHEN-B",TRUE,""
"shen_empirical_1999","primary-held","references-DPMirt/Shen and Louis - 1999 - Empirical Bayes Estimation via the Smoothing by Ro.pdf","","",TRUE,""
"stein_inadmissibility_1956","primary-read","references-DPMirt/Stein - 1956 - Inadmissibility of the usual estimator for the mean of a multivariate normal distribution.pdf","2026-08-06","VERIF-STEIN-1956",TRUE,""
"blackwell_ferguson_1973","primary-read","references-Remaining/Blackwell and MacQueen - 1973 - Ferguson Distributions Via Polya Urn Schemes.pdf","2026-08-04","THM-15-3",TRUE,""
"james_estimation_1992","primary-read","references-Remaining/James and Stein - 1992 - Estimation with Quadratic Loss.pdf","2026-08-06","VERIF-JAMESSTEIN-1992",TRUE,""
"neal_markov_2000","primary-read","references-Remaining/Neal - 2000 - Markov Chain Sampling Methods for Dirichlet Process Mixture Models.pdf","2026-08-06","VERIF-NEAL-2000",TRUE,""
"robbins_empirical_1992","primary-read","references-Remaining/Robbins - 1992 - An Empirical Bayes Approach to Statistics.pdf","2026-08-06","VERIF-ROBBINS-1992",TRUE,""
"wright_rating_1982","primary-read","references-Remaining/Wright and Masters - 1982 - Rating scale analysis.pdf","2026-08-04","C-001;C-002;C-003;C-004;C-005;PROP-08-2",TRUE,""
"sanmartin_bayesian_2011","primary-read","references-IRT-Zotero/San Martín et al. - 2011 - On the Bayesian Nonparametric Generalization of IR.pdf","2026-08-04","PROP-16-1;PROP-16-3;PROP-16-4;PVII-SRC-SANMARTIN",TRUE,""
"fox_bayesian_2010","primary-read","References/Bayesian Item Response Modeling 2010_unannotated.pdf","2026-08-04","PROP-10-1;PVII-SRC-FOX",TRUE,""
"debelak_introduction_2022","primary-read","References/An Introduction to the Rasch Model with Examples in R Rudolf Debelak etc z-lib_unannotated.pdf","2026-08-03","THM-03-1;PVII-SRC-DEBELAK",TRUE,""
"gelman_bayesian_2013","primary-held","References/Bayesian Data Analysis 3rd Edition.pdf","2026-08-03","",TRUE,""
"lee_improving_2025","primary-read","references-DPMirt/Lee et al. - 2025 - Improving the Estimation of Site-Specific Effects and Their Distribution in Multisite Trials.pdf","2026-08-05","PVII-SRC-LEE;PVII-SRC-LEE-B",TRUE,""
"andersen_asymptotic_1970","secondary","","2026-08-03","",,""
"rasch_probabilistic_1960","secondary","","","",,""
"baker_item_2004","primary-read","References/Baker and Kim_03_ML Estimation of Examinee Ability.md","2026-08-05","PVII-SRC-BAKERKIM",TRUE,""
"sanmartin_identification_2016","primary-read","References/Handbook_01_Identification IRT_San Martin.pdf","2026-08-03","DEF-04-1;C-009;C-010;PROP-16-2;PVII-SRC-SANMARTIN16",TRUE,""
"haberman_nuisance_2016","primary-read","References/Handbook_02_Nuisance and incidental parameters_Shelby Haberman.pdf","2026-08-03","THM-05-1",TRUE,""
"neyman_consistent_1948","secondary","","2026-08-03","",,""
"lee_irtsimrel_2026","programme-artifact-read","","2026-08-04","THM-08-3;PROP-09-1;PAR-001",,""
"paddock_flexible_2006","primary-read","references-DPMirt/Paddock et al. - 2006 - Flexible distributions for triple-goal estimates i.pdf","2026-08-05","THM-17-3;PV-SRC-PADDOCK;PVII-SRC-PADDOCK",TRUE,""
"lee_casestudy_2026","programme-artifact-read","","2026-08-07","PV-SRC-CASE-GR;PV-SRC-CASE-SEED;PAR-006",,""
"lee_design-conditional_2026","primary-held","","2026-08-07","",,""
"lee_dpmirt_2026","programme-artifact-read","","2026-08-07","PV-SRC-DPMIRT-CB;PAR-003",,""
"lee_dpprior_2026","programme-artifact-read","","2026-08-07","PAR-004",,""
"lee_reliability-distribution_2026","programme-artifact-read","","2026-08-07","PAR-007",,""
"lee_simulation_2026","programme-artifact-read","","2026-08-07","PAR-005",,""
"lee_theta-nonnormality_2026","programme-artifact-read","","2026-08-07","PAR-008",,""
