"shape","items","wbar","concordance","quadrature_nodes","curve"
"normal",6,0.504871998327808,0.751879670873737,800,"design"
"normal",10,0.63315099453648,0.796170628369221,800,"design"
"normal",16,0.735614901303946,0.832577481333691,800,"design"
"normal",25,0.813630478301898,0.862686231996585,800,"design"
"normal",40,0.875058323852633,0.889563427618422,800,"design"
"normal",60,0.913199947915955,0.908978317035758,800,"design"
"normal",90,0.940461983354817,0.925251657054591,800,"design"
"normal",130,0.958035280063112,0.937625276827419,800,"design"
"normal",180,0.969345283912872,0.946931516903378,800,"design"
"bimodal",6,0.509258753048598,0.749541018528228,800,"design"
"bimodal",10,0.637518967451875,0.786546179507993,800,"design"
"bimodal",16,0.739405366087849,0.813304611272415,800,"design"
"bimodal",25,0.816646146588696,0.834098746763908,800,"design"
"bimodal",40,0.877260893500794,0.853881378745177,800,"design"
"bimodal",60,0.914807969044432,0.870517670836202,800,"design"
"bimodal",90,0.94160306340544,0.886914237917669,800,"design"
"bimodal",130,0.958856851428381,0.90126427378298,800,"design"
"bimodal",180,0.969953556392942,0.913254543431163,800,"design"
"skewed",6,0.492435994942376,0.733298566813939,800,"design"
"skewed",10,0.62064489352674,0.775468041932642,800,"design"
"skewed",16,0.724678783673679,0.811185486083274,800,"design"
"skewed",25,0.80487795588431,0.841780957144819,800,"design"
"skewed",40,0.868635137338378,0.870141079175969,800,"design"
"skewed",60,0.908496486373323,0.891356233824288,800,"design"
"skewed",90,0.937117080679511,0.909661852132445,800,"design"
"skewed",130,0.955623579413917,0.92391723222809,800,"design"
"skewed",180,0.967558093213849,0.934833365736147,800,"design"
"heavy-tailed logistic",6,0.501334196541123,0.744669578917577,800,"design"
"heavy-tailed logistic",10,0.629611599174047,0.788584469739613,800,"design"
"heavy-tailed logistic",16,0.732532185833836,0.82519916008965,800,"design"
"heavy-tailed logistic",25,0.811171005474978,0.855884387289655,800,"design"
"heavy-tailed logistic",40,0.873257971146652,0.883597281765157,800,"design"
"heavy-tailed logistic",60,0.911883731225019,0.903797475334581,800,"design"
"heavy-tailed logistic",90,0.939527032248107,0.920836495855818,800,"design"
"heavy-tailed logistic",130,0.957361681577594,0.933850711583659,800,"design"
"heavy-tailed logistic",180,0.968846357340642,0.943667909562168,800,"design"
"bimodal",,0.51,0.749754880347265,800,"matched"
"bimodal",,0.5175,0.751918752508554,800,"matched"
"bimodal",,0.525,0.754082624669843,800,"matched"
"bimodal",,0.5325,0.756246496831133,800,"matched"
"bimodal",,0.54,0.758410368992422,800,"matched"
"bimodal",,0.5475,0.760574241153711,800,"matched"
"bimodal",,0.555,0.762738113315,800,"matched"
"bimodal",,0.5625,0.76490198547629,800,"matched"
"bimodal",,0.57,0.767065857637579,800,"matched"
"bimodal",,0.5775,0.769229729798868,800,"matched"
"bimodal",,0.585,0.771393601960157,800,"matched"
"bimodal",,0.5925,0.773557474121447,800,"matched"
"bimodal",,0.6,0.775721346282736,800,"matched"
"bimodal",,0.6075,0.777885218444025,800,"matched"
"bimodal",,0.615,0.780049090605314,800,"matched"
"bimodal",,0.6225,0.782212962766604,800,"matched"
"bimodal",,0.63,0.784376834927893,800,"matched"
"bimodal",,0.6375,0.786540707089182,800,"matched"
"bimodal",,0.645,0.788510923592055,800,"matched"
"bimodal",,0.6525,0.790480649099286,800,"matched"
"bimodal",,0.66,0.792450374606517,800,"matched"
"bimodal",,0.6675,0.794420100113748,800,"matched"
"bimodal",,0.675,0.796389825620978,800,"matched"
"bimodal",,0.6825,0.798359551128209,800,"matched"
"bimodal",,0.69,0.80032927663544,800,"matched"
"bimodal",,0.6975,0.802299002142671,800,"matched"
"bimodal",,0.705,0.804268727649902,800,"matched"
"bimodal",,0.7125,0.806238453157132,800,"matched"
"bimodal",,0.72,0.808208178664363,800,"matched"
"bimodal",,0.7275,0.810177904171594,800,"matched"
"bimodal",,0.735,0.812147629678825,800,"matched"
"bimodal",,0.7425,0.814137723476209,800,"matched"
"bimodal",,0.75,0.816156812552924,800,"matched"
"bimodal",,0.7575,0.818175901629639,800,"matched"
"bimodal",,0.765,0.820194990706354,800,"matched"
"bimodal",,0.7725,0.822214079783069,800,"matched"
"bimodal",,0.78,0.824233168859784,800,"matched"
"bimodal",,0.7875,0.826252257936499,800,"matched"
"bimodal",,0.795,0.828271347013214,800,"matched"
"bimodal",,0.8025,0.830290436089929,800,"matched"
"bimodal",,0.81,0.832309525166644,800,"matched"
"bimodal",,0.8175,0.834377416042628,800,"matched"
"bimodal",,0.825,0.836825165928884,800,"matched"
"bimodal",,0.8325,0.83927291581514,800,"matched"
"bimodal",,0.84,0.841720665701396,800,"matched"
"bimodal",,0.8475,0.844168415587652,800,"matched"
"bimodal",,0.855,0.846616165473908,800,"matched"
"bimodal",,0.8625,0.849063915360163,800,"matched"
"bimodal",,0.87,0.851511665246419,800,"matched"
"bimodal",,0.8775,0.853987321631648,800,"matched"
"bimodal",,0.885,0.857310408420064,800,"matched"
"bimodal",,0.8925,0.860633495208479,800,"matched"
"bimodal",,0.9,0.863956581996894,800,"matched"
"bimodal",,0.9075,0.867279668785309,800,"matched"
"bimodal",,0.915,0.870635179227935,800,"matched"
"bimodal",,0.9225,0.875224610840087,800,"matched"
"bimodal",,0.93,0.879814042452239,800,"matched"
"bimodal",,0.9375,0.884403474064391,800,"matched"
"bimodal",,0.945,0.889739481968385,800,"matched"
"bimodal",,0.9525,0.895977258208984,800,"matched"
"bimodal",,0.96,0.902499474652556,800,"matched"
"heavy-tailed logistic",,0.51,0.747636257420343,800,"matched"
"heavy-tailed logistic",,0.5175,0.750203831088075,800,"matched"
"heavy-tailed logistic",,0.525,0.752771404755806,800,"matched"
"heavy-tailed logistic",,0.5325,0.755338978423537,800,"matched"
"heavy-tailed logistic",,0.54,0.757906552091269,800,"matched"
"heavy-tailed logistic",,0.5475,0.760474125759,800,"matched"
"heavy-tailed logistic",,0.555,0.763041699426732,800,"matched"
"heavy-tailed logistic",,0.5625,0.765609273094463,800,"matched"
"heavy-tailed logistic",,0.57,0.768176846762194,800,"matched"
"heavy-tailed logistic",,0.5775,0.770744420429926,800,"matched"
"heavy-tailed logistic",,0.585,0.773311994097657,800,"matched"
"heavy-tailed logistic",,0.5925,0.775879567765389,800,"matched"
"heavy-tailed logistic",,0.6,0.77844714143312,800,"matched"
"heavy-tailed logistic",,0.6075,0.781014715100851,800,"matched"
"heavy-tailed logistic",,0.615,0.783582288768583,800,"matched"
"heavy-tailed logistic",,0.6225,0.786149862436314,800,"matched"
"heavy-tailed logistic",,0.63,0.788722645943573,800,"matched"
"heavy-tailed logistic",,0.6375,0.791390821344992,800,"matched"
"heavy-tailed logistic",,0.645,0.794058996746411,800,"matched"
"heavy-tailed logistic",,0.6525,0.79672717214783,800,"matched"
"heavy-tailed logistic",,0.66,0.79939534754925,800,"matched"
"heavy-tailed logistic",,0.6675,0.802063522950669,800,"matched"
"heavy-tailed logistic",,0.675,0.804731698352088,800,"matched"
"heavy-tailed logistic",,0.6825,0.807399873753507,800,"matched"
"heavy-tailed logistic",,0.69,0.810068049154926,800,"matched"
"heavy-tailed logistic",,0.6975,0.812736224556345,800,"matched"
"heavy-tailed logistic",,0.705,0.815404399957764,800,"matched"
"heavy-tailed logistic",,0.7125,0.818072575359184,800,"matched"
"heavy-tailed logistic",,0.72,0.820740750760603,800,"matched"
"heavy-tailed logistic",,0.7275,0.823408926162022,800,"matched"
"heavy-tailed logistic",,0.735,0.826162112467645,800,"matched"
"heavy-tailed logistic",,0.7425,0.829088646780472,800,"matched"
"heavy-tailed logistic",,0.75,0.832015181093299,800,"matched"
"heavy-tailed logistic",,0.7575,0.834941715406126,800,"matched"
"heavy-tailed logistic",,0.765,0.837868249718954,800,"matched"
"heavy-tailed logistic",,0.7725,0.840794784031781,800,"matched"
"heavy-tailed logistic",,0.78,0.843721318344608,800,"matched"
"heavy-tailed logistic",,0.7875,0.846647852657436,800,"matched"
"heavy-tailed logistic",,0.795,0.849574386970263,800,"matched"
"heavy-tailed logistic",,0.8025,0.85250092128309,800,"matched"
"heavy-tailed logistic",,0.81,0.855427455595917,800,"matched"
"heavy-tailed logistic",,0.8175,0.858709372461832,800,"matched"
"heavy-tailed logistic",,0.825,0.862057043044824,800,"matched"
"heavy-tailed logistic",,0.8325,0.865404713627815,800,"matched"
"heavy-tailed logistic",,0.84,0.868752384210807,800,"matched"
"heavy-tailed logistic",,0.8475,0.872100054793798,800,"matched"
"heavy-tailed logistic",,0.855,0.87544772537679,800,"matched"
"heavy-tailed logistic",,0.8625,0.878795395959781,800,"matched"
"heavy-tailed logistic",,0.87,0.882143066542772,800,"matched"
"heavy-tailed logistic",,0.8775,0.885815744360866,800,"matched"
"heavy-tailed logistic",,0.885,0.889738034859831,800,"matched"
"heavy-tailed logistic",,0.8925,0.893660325358796,800,"matched"
"heavy-tailed logistic",,0.9,0.897582615857761,800,"matched"
"heavy-tailed logistic",,0.9075,0.901504906356726,800,"matched"
"heavy-tailed logistic",,0.915,0.905718308434877,800,"matched"
"heavy-tailed logistic",,0.9225,0.910341224265462,800,"matched"
"heavy-tailed logistic",,0.93,0.914964140096048,800,"matched"
"heavy-tailed logistic",,0.9375,0.919587055926634,800,"matched"
"heavy-tailed logistic",,0.945,0.924830203928165,800,"matched"
"heavy-tailed logistic",,0.9525,0.930303068359395,800,"matched"
"heavy-tailed logistic",,0.96,0.936105968485769,800,"matched"
"normal",,0.51,0.75365021874839,800,"matched"
"normal",,0.5175,0.756239747751842,800,"matched"
"normal",,0.525,0.758829276755295,800,"matched"
"normal",,0.5325,0.761418805758747,800,"matched"
"normal",,0.54,0.7640083347622,800,"matched"
"normal",,0.5475,0.766597863765652,800,"matched"
"normal",,0.555,0.769187392769105,800,"matched"
"normal",,0.5625,0.771776921772557,800,"matched"
"normal",,0.57,0.77436645077601,800,"matched"
"normal",,0.5775,0.776955979779462,800,"matched"
"normal",,0.585,0.779545508782915,800,"matched"
"normal",,0.5925,0.782135037786367,800,"matched"
"normal",,0.6,0.78472456678982,800,"matched"
"normal",,0.6075,0.787314095793272,800,"matched"
"normal",,0.615,0.789903624796725,800,"matched"
"normal",,0.6225,0.792493153800177,800,"matched"
"normal",,0.63,0.79508268280363,800,"matched"
"normal",,0.6375,0.79771589057371,800,"matched"
"normal",,0.645,0.800380745017072,800,"matched"
"normal",,0.6525,0.803045599460434,800,"matched"
"normal",,0.66,0.805710453903796,800,"matched"
"normal",,0.6675,0.808375308347159,800,"matched"
"normal",,0.675,0.811040162790521,800,"matched"
"normal",,0.6825,0.813705017233883,800,"matched"
"normal",,0.69,0.816369871677245,800,"matched"
"normal",,0.6975,0.819034726120607,800,"matched"
"normal",,0.705,0.821699580563969,800,"matched"
"normal",,0.7125,0.824364435007331,800,"matched"
"normal",,0.72,0.827029289450694,800,"matched"
"normal",,0.7275,0.829694143894056,800,"matched"
"normal",,0.735,0.832358998337418,800,"matched"
"normal",,0.7425,0.835234665038611,800,"matched"
"normal",,0.75,0.83812915917249,800,"matched"
"normal",,0.7575,0.841023653306368,800,"matched"
"normal",,0.765,0.843918147440246,800,"matched"
"normal",,0.7725,0.846812641574125,800,"matched"
"normal",,0.78,0.849707135708003,800,"matched"
"normal",,0.7875,0.852601629841881,800,"matched"
"normal",,0.795,0.855496123975759,800,"matched"
"normal",,0.8025,0.858390618109638,800,"matched"
"normal",,0.81,0.861285112243516,800,"matched"
"normal",,0.8175,0.86437930605299,800,"matched"
"normal",,0.825,0.867660862899995,800,"matched"
"normal",,0.8325,0.870942419747,800,"matched"
"normal",,0.84,0.874223976594005,800,"matched"
"normal",,0.8475,0.87750553344101,800,"matched"
"normal",,0.855,0.880787090288015,800,"matched"
"normal",,0.8625,0.88406864713502,800,"matched"
"normal",,0.87,0.887350203982025,800,"matched"
"normal",,0.8775,0.89080629216754,800,"matched"
"normal",,0.885,0.8946239500205,800,"matched"
"normal",,0.8925,0.898441607873461,800,"matched"
"normal",,0.9,0.902259265726422,800,"matched"
"normal",,0.9075,0.906076923579383,800,"matched"
"normal",,0.915,0.91005280979258,800,"matched"
"normal",,0.9225,0.914529733403619,800,"matched"
"normal",,0.93,0.919006657014659,800,"matched"
"normal",,0.9375,0.923483580625699,800,"matched"
"normal",,0.945,0.928446942118192,800,"matched"
"normal",,0.9525,0.933727803748009,800,"matched"
"normal",,0.96,0.939241912476494,800,"matched"
"skewed",,0.51,0.73907558293716,800,"matched"
"skewed",,0.5175,0.741542424684359,800,"matched"
"skewed",,0.525,0.744009266431557,800,"matched"
"skewed",,0.5325,0.746476108178756,800,"matched"
"skewed",,0.54,0.748942949925955,800,"matched"
"skewed",,0.5475,0.751409791673154,800,"matched"
"skewed",,0.555,0.753876633420352,800,"matched"
"skewed",,0.5625,0.756343475167551,800,"matched"
"skewed",,0.57,0.75881031691475,800,"matched"
"skewed",,0.5775,0.761277158661948,800,"matched"
"skewed",,0.585,0.763744000409147,800,"matched"
"skewed",,0.5925,0.766210842156346,800,"matched"
"skewed",,0.6,0.768677683903545,800,"matched"
"skewed",,0.6075,0.771144525650743,800,"matched"
"skewed",,0.615,0.773611367397942,800,"matched"
"skewed",,0.6225,0.776104946519778,800,"matched"
"skewed",,0.63,0.778679884655335,800,"matched"
"skewed",,0.6375,0.781254822790893,800,"matched"
"skewed",,0.645,0.78382976092645,800,"matched"
"skewed",,0.6525,0.786404699062007,800,"matched"
"skewed",,0.66,0.788979637197565,800,"matched"
"skewed",,0.6675,0.791554575333122,800,"matched"
"skewed",,0.675,0.79412951346868,800,"matched"
"skewed",,0.6825,0.796704451604237,800,"matched"
"skewed",,0.69,0.799279389739794,800,"matched"
"skewed",,0.6975,0.801854327875351,800,"matched"
"skewed",,0.705,0.804429266010909,800,"matched"
"skewed",,0.7125,0.807004204146466,800,"matched"
"skewed",,0.72,0.809579142282023,800,"matched"
"skewed",,0.7275,0.812261762060832,800,"matched"
"skewed",,0.735,0.815122964073727,800,"matched"
"skewed",,0.7425,0.817984166086622,800,"matched"
"skewed",,0.75,0.820845368099517,800,"matched"
"skewed",,0.7575,0.823706570112413,800,"matched"
"skewed",,0.765,0.826567772125308,800,"matched"
"skewed",,0.7725,0.829428974138203,800,"matched"
"skewed",,0.78,0.832290176151099,800,"matched"
"skewed",,0.7875,0.835151378163994,800,"matched"
"skewed",,0.795,0.838012580176889,800,"matched"
"skewed",,0.8025,0.840873782189784,800,"matched"
"skewed",,0.81,0.84405931689751,800,"matched"
"skewed",,0.8175,0.84739542602879,800,"matched"
"skewed",,0.825,0.85073153516007,800,"matched"
"skewed",,0.8325,0.854067644291351,800,"matched"
"skewed",,0.84,0.857403753422631,800,"matched"
"skewed",,0.8475,0.860739862553912,800,"matched"
"skewed",,0.855,0.864075971685192,800,"matched"
"skewed",,0.8625,0.867412080816473,800,"matched"
"skewed",,0.87,0.870867491430974,800,"matched"
"skewed",,0.8775,0.874859169176825,800,"matched"
"skewed",,0.885,0.878850846922676,800,"matched"
"skewed",,0.8925,0.882842524668527,800,"matched"
"skewed",,0.9,0.886834202414378,800,"matched"
"skewed",,0.9075,0.89082588016023,800,"matched"
"skewed",,0.915,0.895515855278623,800,"matched"
"skewed",,0.9225,0.900312825454798,800,"matched"
"skewed",,0.93,0.905109795630972,800,"matched"
"skewed",,0.9375,0.909956811245883,800,"matched"
"skewed",,0.945,0.915733989968434,800,"matched"
"skewed",,0.9525,0.921511168690986,800,"matched"
"skewed",,0.96,0.927920209827845,800,"matched"
