"Element","Origin","Status here"
"Three inferential goals and their losses","Shen and Louis (1998)","Transfers unchanged; the attribution belongs to Shen and Louis, and Lee et al. make it"
"Constrained Bayes","Ghosh (1992)","Transfers unchanged"
"Triple-goal (GR)","Shen and Louis (1998)","Transfers unchanged"
"$K$-matched $\alpha$ elicitation","Lee et al. (2025), building on Dorazio (2009)","Transfers; the mechanism is theirs and is used here"
"DP prior on the unit-level distribution","Ferguson (1973); Lo (1984); used for IRT by Duncan and MacEachern (2008) and others","Transfers; the placement on a latent trait is older than either paper"
"Reliability as the governing quantity","Lee et al. (2025)","Transfers as the point of contact; the design-to-information mapping differs by setting"
"Heteroscedastic shrinkage","The IRT response likelihood and its trait-dependent information","An IRT-specific consequence of the response likelihood, not new general machinery"
"Semiparametric identification of $G$","San Martín et al. (2011)","Restated; no analogue arises in the multisite setting"
"Classification against a cut score","Ghosh (1992), with related threshold and classification precedents","Added as an explicit fourth target in this comparison; not claimed as a new decision problem"
