"ID","Problem","Where it arose","What is known","Blocked on"
"OP-01","Finite-$N$ behaviour of the DPM posterior for $G$ under weak identification","ch. 16","Under the anchored Rasch conditions the observable law is generated by the $I+1$ displayed integral evaluations of $G$, subject to their identities; guarantees for flexible priors are asymptotic","The field"
"OP-02","Whether the rank proposition holds outside its stated conditions","ch. 20","Reliability dominates and the shape residual is measurable; on the displayed grid it peaks near $\bar w = 0.915$ and declines","This book"
"OP-03","How far the incompatibility theorem generalizes","ch. 17","An existence proof on two overlapping normals; the degenerate coincident case is exhibited","This book"
"OP-04","A joint, transformation-aware multivariate CB/TG action","ch. 18, 19, 22","Coordinatewise multivariate CB/TG exists; a canonical joint loss, ordering, or EDF action is not supplied","The field"
"OP-05","What a finite polytomous test identifies about $G$","ch. 22","The PCM keeps sufficiency and the GRM does not; the semiparametric question is not posed here","This book"
"OP-06","How location/scale conventions transform priors on interpretable functionals of $G$","ch. 4, 15, 16","Item centering and common atom translations leave $K$ unchanged; other interpretable functionals can depend on location/scale convention","This book"
"OP-07","What the normal working model costs at $I < 15$","ch. 11","The exact posterior is computable; the working model is an approximation whose error is unquantified here","This book"
"OP-08","Whether the sum-score fallacy changes a published conclusion","ch. 13","Sum scores can be unimodal under a bimodal $G$ (TV $= 0.035$ on the worked case)","A literature audit"
"OP-09","How much survives a misspecified *measurement* model","ch. 3, 22","Every result here assumes the item model is correct","The field"
