"Verifier","Current output","Issues","Advisories","Run token"
"V1 citations and receipts","citation-check.csv; result-check.csv; part-vi-source-receipt-check.csv; annotation-evidence-check.csv; narrative-citation-check.csv",0,0,"20260809T233727Z-90015-15f9f47d2448d"
"V2 anchor parity","v1-v2-citation-anchor.log",0,0,"20260809T233727Z-90015-15f9f47d2448d"
"V3 notation lint","notation-lint.csv; notation-collisions.csv",0,0,"20260809T233727Z-90015-15f9f47d2448d"
"V4 cross-book boundary","cross-book-check.csv; cross-book-coverage.csv; cross-book-canonical-vocabulary.csv",0,0,"20260809T233727Z-90015-15f9f47d2448d"
"V5 reviewer claim map","claim-map-check.csv",0,0,"20260809T233727Z-90015-15f9f47d2448d"
"V6 render and build check","build-check.csv; expected-render-warnings.csv; figure-bindings.csv",0,0,"20260809T233727Z-90015-15f9f47d2448d"
"V7 release markers and novelty","release-marker-check.csv; novelty-claim-check.csv",0,0,"20260809T233727Z-90015-15f9f47d2448d"
"V8 numerical checks","derivation-checks.csv; derivation-coverage.csv",0,0,"20260809T233727Z-90015-15f9f47d2448d"
"V9 specification coverage","spec-coverage.csv; spec-contents-coverage.csv; spec-content-items.csv",0,7,"20260809T233727Z-90015-15f9f47d2448d"
